year,month,time,index,error,SElo,SEup,metric,timeseries,lat,lon,depth,order
1967,1,1967-01,3.249632916108849,nan,nan,nan,Area (10^6 km^2),Monthly North Pacific High Area,nan,nan,nan,1.0
1967,2,1967-02,5.715432338207223,nan,nan,nan,Area (10^6 km^2),Monthly North Pacific High Area,nan,nan,nan,1.0
1967,3,1967-03,4.073056672727745,nan,nan,nan,Area (10^6 km^2),Monthly North Pacific High Area,nan,nan,nan,1.0
1967,4,1967-04,5.52639423525702,nan,nan,nan,Area (10^6 km^2),Monthly North Pacific High Area,nan,nan,nan,1.0
1967,5,1967-05,6.104722046140178,nan,nan,nan,Area (10^6 km^2),Monthly North Pacific High Area,nan,nan,nan,1.0
1967,6,1967-06,3.5204603067212097,nan,nan,nan,Area (10^6 km^2),Monthly North Pacific High Area,nan,nan,nan,1.0
1967,7,1967-07,5.331414686065199,nan,nan,nan,Area (10^6 km^2),Monthly North Pacific High Area,nan,nan,nan,1.0
1967,8,1967-08,3.7920363829528507,nan,nan,nan,Area (10^6 km^2),Monthly North Pacific High Area,nan,nan,nan,1.0
1967,9,1967-09,0.29268230529774064,nan,nan,nan,Area (10^6 km^2),Monthly North Pacific High Area,nan,nan,nan,1.0
1967,10,1967-10,1.6078408527827561,nan,nan,nan,Area (10^6 km^2),Monthly North Pacific High Area,nan,nan,nan,1.0
1967,11,1967-11,3.978032838487653,nan,nan,nan,Area (10^6 km^2),Monthly North Pacific High Area,nan,nan,nan,1.0
1967,12,1967-12,3.2032378013699687,nan,nan,nan,Area (10^6 km^2),Monthly North Pacific High Area,nan,nan,nan,1.0
1968,1,1968-01,0.9165085607996792,nan,nan,nan,Area (10^6 km^2),Monthly North Pacific High Area,nan,nan,nan,1.0
1968,2,1968-02,0.0,nan,nan,nan,Area (10^6 km^2),Monthly North Pacific High Area,nan,nan,nan,1.0
1968,3,1968-03,3.761015193158299,nan,nan,nan,Area (10^6 km^2),Monthly North Pacific High Area,nan,nan,nan,1.0
1968,4,1968-04,6.30458814731859,nan,nan,nan,Area (10^6 km^2),Monthly North Pacific High Area,nan,nan,nan,1.0
1968,5,1968-05,1.9214123229959899,nan,nan,nan,Area (10^6 km^2),Monthly North Pacific High Area,nan,nan,nan,1.0
1968,6,1968-06,5.788874504504018,nan,nan,nan,Area (10^6 km^2),Monthly North Pacific High Area,nan,nan,nan,1.0
1968,7,1968-07,5.139879584992703,nan,nan,nan,Area (10^6 km^2),Monthly North Pacific High Area,nan,nan,nan,1.0
1968,8,1968-08,4.628841628889849,nan,nan,nan,Area (10^6 km^2),Monthly North Pacific High Area,nan,nan,nan,1.0
1968,9,1968-09,2.1732012761526636,nan,nan,nan,Area (10^6 km^2),Monthly North Pacific High Area,nan,nan,nan,1.0
1968,10,1968-10,0.43914688729940904,nan,nan,nan,Area (10^6 km^2),Monthly North Pacific High Area,nan,nan,nan,1.0
1968,11,1968-11,2.334578766915493,nan,nan,nan,Area (10^6 km^2),Monthly North Pacific High Area,nan,nan,nan,1.0
1968,12,1968-12,0.5721009040588302,nan,nan,nan,Area (10^6 km^2),Monthly North Pacific High Area,nan,nan,nan,1.0
1969,1,1969-01,0.0107489179026616,nan,nan,nan,Area (10^6 km^2),Monthly North Pacific High Area,nan,nan,nan,1.0
1969,2,1969-02,2.4869462257589765,nan,nan,nan,Area (10^6 km^2),Monthly North Pacific High Area,nan,nan,nan,1.0
1969,3,1969-03,5.293593539415548,nan,nan,nan,Area (10^6 km^2),Monthly North Pacific High Area,nan,nan,nan,1.0
1969,4,1969-04,5.52742815299005,nan,nan,nan,Area (10^6 km^2),Monthly North Pacific High Area,nan,nan,nan,1.0
1969,5,1969-05,2.700375031253388,nan,nan,nan,Area (10^6 km^2),Monthly North Pacific High Area,nan,nan,nan,1.0
1969,6,1969-06,2.6218873696909517,nan,nan,nan,Area (10^6 km^2),Monthly North Pacific High Area,nan,nan,nan,1.0
1969,7,1969-07,5.866939633974203,nan,nan,nan,Area (10^6 km^2),Monthly North Pacific High Area,nan,nan,nan,1.0
1969,8,1969-08,4.729406958567903,nan,nan,nan,Area (10^6 km^2),Monthly North Pacific High Area,nan,nan,nan,1.0
1969,9,1969-09,2.538857140329989,nan,nan,nan,Area (10^6 km^2),Monthly North Pacific High Area,nan,nan,nan,1.0
1969,10,1969-10,0.06320037928881143,nan,nan,nan,Area (10^6 km^2),Monthly North Pacific High Area,nan,nan,nan,1.0
1969,11,1969-11,1.3958265258152178,nan,nan,nan,Area (10^6 km^2),Monthly North Pacific High Area,nan,nan,nan,1.0
1969,12,1969-12,0.7730200150501121,nan,nan,nan,Area (10^6 km^2),Monthly North Pacific High Area,nan,nan,nan,1.0
1970,1,1970-01,0.16299982488704867,nan,nan,nan,Area (10^6 km^2),Monthly North Pacific High Area,nan,nan,nan,1.0
1970,2,1970-02,0.0,nan,nan,nan,Area (10^6 km^2),Monthly North Pacific High Area,nan,nan,nan,1.0
1970,3,1970-03,5.488205540928326,nan,nan,nan,Area (10^6 km^2),Monthly North Pacific High Area,nan,nan,nan,1.0
1970,4,1970-04,7.113914205964896,nan,nan,nan,Area (10^6 km^2),Monthly North Pacific High Area,nan,nan,nan,1.0
1970,5,1970-05,6.503508757817996,nan,nan,nan,Area (10^6 km^2),Monthly North Pacific High Area,nan,nan,nan,1.0
1970,6,1970-06,5.835358670940661,nan,nan,nan,Area (10^6 km^2),Monthly North Pacific High Area,nan,nan,nan,1.0
1970,7,1970-07,5.597033954804286,nan,nan,nan,Area (10^6 km^2),Monthly North Pacific High Area,nan,nan,nan,1.0
1970,8,1970-08,4.8046035793197746,nan,nan,nan,Area (10^6 km^2),Monthly North Pacific High Area,nan,nan,nan,1.0
1970,9,1970-09,2.527458807457717,nan,nan,nan,Area (10^6 km^2),Monthly North Pacific High Area,nan,nan,nan,1.0
1970,10,1970-10,0.7803725728879933,nan,nan,nan,Area (10^6 km^2),Monthly North Pacific High Area,nan,nan,nan,1.0
1970,11,1970-11,3.4230232802080467,nan,nan,nan,Area (10^6 km^2),Monthly North Pacific High Area,nan,nan,nan,1.0
1970,12,1970-12,5.537382603807937,nan,nan,nan,Area (10^6 km^2),Monthly North Pacific High Area,nan,nan,nan,1.0
1971,1,1971-01,3.637510394363595,nan,nan,nan,Area (10^6 km^2),Monthly North Pacific High Area,nan,nan,nan,1.0
1971,2,1971-02,4.9386168985444705,nan,nan,nan,Area (10^6 km^2),Monthly North Pacific High Area,nan,nan,nan,1.0
1971,3,1971-03,5.023161869502633,nan,nan,nan,Area (10^6 km^2),Monthly North Pacific High Area,nan,nan,nan,1.0
1971,4,1971-04,6.417044828206727,nan,nan,nan,Area (10^6 km^2),Monthly North Pacific High Area,nan,nan,nan,1.0
1971,5,1971-05,6.8155275701361795,nan,nan,nan,Area (10^6 km^2),Monthly North Pacific High Area,nan,nan,nan,1.0
1971,6,1971-06,5.7522673119065395,nan,nan,nan,Area (10^6 km^2),Monthly North Pacific High Area,nan,nan,nan,1.0
1971,7,1971-07,5.251869276239088,nan,nan,nan,Area (10^6 km^2),Monthly North Pacific High Area,nan,nan,nan,1.0
1971,8,1971-08,2.8930712335373507,nan,nan,nan,Area (10^6 km^2),Monthly North Pacific High Area,nan,nan,nan,1.0
1971,9,1971-09,3.6900602959551607,nan,nan,nan,Area (10^6 km^2),Monthly North Pacific High Area,nan,nan,nan,1.0
1971,10,1971-10,4.975633145311326,nan,nan,nan,Area (10^6 km^2),Monthly North Pacific High Area,nan,nan,nan,1.0
1971,11,1971-11,5.608932164650787,nan,nan,nan,Area (10^6 km^2),Monthly North Pacific High Area,nan,nan,nan,1.0
1971,12,1971-12,6.13101830489681,nan,nan,nan,Area (10^6 km^2),Monthly North Pacific High Area,nan,nan,nan,1.0
1972,1,1972-01,3.9033894041200297,nan,nan,nan,Area (10^6 km^2),Monthly North Pacific High Area,nan,nan,nan,1.0
1972,2,1972-02,0.6288626056434015,nan,nan,nan,Area (10^6 km^2),Monthly North Pacific High Area,nan,nan,nan,1.0
1972,3,1972-03,1.654758658987978,nan,nan,nan,Area (10^6 km^2),Monthly North Pacific High Area,nan,nan,nan,1.0
1972,4,1972-04,6.766289920921371,nan,nan,nan,Area (10^6 km^2),Monthly North Pacific High Area,nan,nan,nan,1.0
1972,5,1972-05,5.085162360475084,nan,nan,nan,Area (10^6 km^2),Monthly North Pacific High Area,nan,nan,nan,1.0
1972,6,1972-06,4.631236766097276,nan,nan,nan,Area (10^6 km^2),Monthly North Pacific High Area,nan,nan,nan,1.0
1972,7,1972-07,4.521870763547115,nan,nan,nan,Area (10^6 km^2),Monthly North Pacific High Area,nan,nan,nan,1.0
1972,8,1972-08,3.3390613977534866,nan,nan,nan,Area (10^6 km^2),Monthly North Pacific High Area,nan,nan,nan,1.0
1972,9,1972-09,2.546678466859991,nan,nan,nan,Area (10^6 km^2),Monthly North Pacific High Area,nan,nan,nan,1.0
1972,10,1972-10,2.677100942207105,nan,nan,nan,Area (10^6 km^2),Monthly North Pacific High Area,nan,nan,nan,1.0
1972,11,1972-11,4.117454492651088,nan,nan,nan,Area (10^6 km^2),Monthly North Pacific High Area,nan,nan,nan,1.0
1972,12,1972-12,0.9387772179385028,nan,nan,nan,Area (10^6 km^2),Monthly North Pacific High Area,nan,nan,nan,1.0
1973,1,1973-01,1.5660218490371078,nan,nan,nan,Area (10^6 km^2),Monthly North Pacific High Area,nan,nan,nan,1.0
1973,2,1973-02,1.271321013126875,nan,nan,nan,Area (10^6 km^2),Monthly North Pacific High Area,nan,nan,nan,1.0
1973,3,1973-03,7.4970848591956045,nan,nan,nan,Area (10^6 km^2),Monthly North Pacific High Area,nan,nan,nan,1.0
1973,4,1973-04,7.135487553967649,nan,nan,nan,Area (10^6 km^2),Monthly North Pacific High Area,nan,nan,nan,1.0
1973,5,1973-05,6.227119126226294,nan,nan,nan,Area (10^6 km^2),Monthly North Pacific High Area,nan,nan,nan,1.0
1973,6,1973-06,5.809516225725179,nan,nan,nan,Area (10^6 km^2),Monthly North Pacific High Area,nan,nan,nan,1.0
1973,7,1973-07,5.144477502229302,nan,nan,nan,Area (10^6 km^2),Monthly North Pacific High Area,nan,nan,nan,1.0
1973,8,1973-08,5.332212618458266,nan,nan,nan,Area (10^6 km^2),Monthly North Pacific High Area,nan,nan,nan,1.0
1973,9,1973-09,3.0245260763572177,nan,nan,nan,Area (10^6 km^2),Monthly North Pacific High Area,nan,nan,nan,1.0
1973,10,1973-10,4.118089057855044,nan,nan,nan,Area (10^6 km^2),Monthly North Pacific High Area,nan,nan,nan,1.0
1973,11,1973-11,4.5945331666776665,nan,nan,nan,Area (10^6 km^2),Monthly North Pacific High Area,nan,nan,nan,1.0
1973,12,1973-12,2.33567189773406,nan,nan,nan,Area (10^6 km^2),Monthly North Pacific High Area,nan,nan,nan,1.0
1974,1,1974-01,0.2852111299715764,nan,nan,nan,Area (10^6 km^2),Monthly North Pacific High Area,nan,nan,nan,1.0
1974,2,1974-02,5.867806618257063,nan,nan,nan,Area (10^6 km^2),Monthly North Pacific High Area,nan,nan,nan,1.0
1974,3,1974-03,0.8827128213966265,nan,nan,nan,Area (10^6 km^2),Monthly North Pacific High Area,nan,nan,nan,1.0
1974,4,1974-04,6.8110423356271665,nan,nan,nan,Area (10^6 km^2),Monthly North Pacific High Area,nan,nan,nan,1.0
1974,5,1974-05,6.511324699482373,nan,nan,nan,Area (10^6 km^2),Monthly North Pacific High Area,nan,nan,nan,1.0
1974,6,1974-06,5.5253958329702835,nan,nan,nan,Area (10^6 km^2),Monthly North Pacific High Area,nan,nan,nan,1.0
1974,7,1974-07,5.569205356075784,nan,nan,nan,Area (10^6 km^2),Monthly North Pacific High Area,nan,nan,nan,1.0
1974,8,1974-08,3.120653754549514,nan,nan,nan,Area (10^6 km^2),Monthly North Pacific High Area,nan,nan,nan,1.0
1974,9,1974-09,0.5034787679866863,nan,nan,nan,Area (10^6 km^2),Monthly North Pacific High Area,nan,nan,nan,1.0
1974,10,1974-10,3.962451602122724,nan,nan,nan,Area (10^6 km^2),Monthly North Pacific High Area,nan,nan,nan,1.0
1974,11,1974-11,3.025828956177534,nan,nan,nan,Area (10^6 km^2),Monthly North Pacific High Area,nan,nan,nan,1.0
1974,12,1974-12,5.605673748715554,nan,nan,nan,Area (10^6 km^2),Monthly North Pacific High Area,nan,nan,nan,1.0
1975,1,1975-01,5.325673390964575,nan,nan,nan,Area (10^6 km^2),Monthly North Pacific High Area,nan,nan,nan,1.0
1975,2,1975-02,1.6130710691713088,nan,nan,nan,Area (10^6 km^2),Monthly North Pacific High Area,nan,nan,nan,1.0
1975,3,1975-03,6.482674902720868,nan,nan,nan,Area (10^6 km^2),Monthly North Pacific High Area,nan,nan,nan,1.0
1975,4,1975-04,7.810526404463112,nan,nan,nan,Area (10^6 km^2),Monthly North Pacific High Area,nan,nan,nan,1.0
1975,5,1975-05,5.85195279419439,nan,nan,nan,Area (10^6 km^2),Monthly North Pacific High Area,nan,nan,nan,1.0
1975,6,1975-06,6.080399619977707,nan,nan,nan,Area (10^6 km^2),Monthly North Pacific High Area,nan,nan,nan,1.0
1975,7,1975-07,5.578308414951364,nan,nan,nan,Area (10^6 km^2),Monthly North Pacific High Area,nan,nan,nan,1.0
1975,8,1975-08,5.6378003713314015,nan,nan,nan,Area (10^6 km^2),Monthly North Pacific High Area,nan,nan,nan,1.0
1975,9,1975-09,3.866058400100577,nan,nan,nan,Area (10^6 km^2),Monthly North Pacific High Area,nan,nan,nan,1.0
1975,10,1975-10,4.862609206926897,nan,nan,nan,Area (10^6 km^2),Monthly North Pacific High Area,nan,nan,nan,1.0
1975,11,1975-11,4.045295718435949,nan,nan,nan,Area (10^6 km^2),Monthly North Pacific High Area,nan,nan,nan,1.0
1975,12,1975-12,3.565548877924872,nan,nan,nan,Area (10^6 km^2),Monthly North Pacific High Area,nan,nan,nan,1.0
1976,1,1976-01,3.2938057186306238,nan,nan,nan,Area (10^6 km^2),Monthly North Pacific High Area,nan,nan,nan,1.0
1976,2,1976-02,5.099692885543399,nan,nan,nan,Area (10^6 km^2),Monthly North Pacific High Area,nan,nan,nan,1.0
1976,3,1976-03,4.968124533173143,nan,nan,nan,Area (10^6 km^2),Monthly North Pacific High Area,nan,nan,nan,1.0
1976,4,1976-04,6.0230450053032065,nan,nan,nan,Area (10^6 km^2),Monthly North Pacific High Area,nan,nan,nan,1.0
1976,5,1976-05,6.642413561263921,nan,nan,nan,Area (10^6 km^2),Monthly North Pacific High Area,nan,nan,nan,1.0
1976,6,1976-06,5.050322062998949,nan,nan,nan,Area (10^6 km^2),Monthly North Pacific High Area,nan,nan,nan,1.0
1976,7,1976-07,4.65890826775029,nan,nan,nan,Area (10^6 km^2),Monthly North Pacific High Area,nan,nan,nan,1.0
1976,8,1976-08,4.793516075206398,nan,nan,nan,Area (10^6 km^2),Monthly North Pacific High Area,nan,nan,nan,1.0
1976,9,1976-09,0.1121851655122514,nan,nan,nan,Area (10^6 km^2),Monthly North Pacific High Area,nan,nan,nan,1.0
1976,10,1976-10,0.6673562979822875,nan,nan,nan,Area (10^6 km^2),Monthly North Pacific High Area,nan,nan,nan,1.0
1976,11,1976-11,0.5067670762193042,nan,nan,nan,Area (10^6 km^2),Monthly North Pacific High Area,nan,nan,nan,1.0
1976,12,1976-12,2.0046560357311987,nan,nan,nan,Area (10^6 km^2),Monthly North Pacific High Area,nan,nan,nan,1.0
1977,1,1977-01,1.0153699185287228,nan,nan,nan,Area (10^6 km^2),Monthly North Pacific High Area,nan,nan,nan,1.0
1977,2,1977-02,3.718700546380869,nan,nan,nan,Area (10^6 km^2),Monthly North Pacific High Area,nan,nan,nan,1.0
1977,3,1977-03,7.401380743399316,nan,nan,nan,Area (10^6 km^2),Monthly North Pacific High Area,nan,nan,nan,1.0
1977,4,1977-04,6.741465169635312,nan,nan,nan,Area (10^6 km^2),Monthly North Pacific High Area,nan,nan,nan,1.0
1977,5,1977-05,6.382063687727186,nan,nan,nan,Area (10^6 km^2),Monthly North Pacific High Area,nan,nan,nan,1.0
1977,6,1977-06,4.914467149454321,nan,nan,nan,Area (10^6 km^2),Monthly North Pacific High Area,nan,nan,nan,1.0
1977,7,1977-07,5.593370268988851,nan,nan,nan,Area (10^6 km^2),Monthly North Pacific High Area,nan,nan,nan,1.0
1977,8,1977-08,2.375287012253114,nan,nan,nan,Area (10^6 km^2),Monthly North Pacific High Area,nan,nan,nan,1.0
1977,9,1977-09,2.468112071103124,nan,nan,nan,Area (10^6 km^2),Monthly North Pacific High Area,nan,nan,nan,1.0
1977,10,1977-10,2.680540822827764,nan,nan,nan,Area (10^6 km^2),Monthly North Pacific High Area,nan,nan,nan,1.0
1977,11,1977-11,2.6074012389476837,nan,nan,nan,Area (10^6 km^2),Monthly North Pacific High Area,nan,nan,nan,1.0
1977,12,1977-12,0.032451412747927275,nan,nan,nan,Area (10^6 km^2),Monthly North Pacific High Area,nan,nan,nan,1.0
1978,1,1978-01,0.0,nan,nan,nan,Area (10^6 km^2),Monthly North Pacific High Area,nan,nan,nan,1.0
1978,2,1978-02,0.06598212716033357,nan,nan,nan,Area (10^6 km^2),Monthly North Pacific High Area,nan,nan,nan,1.0
1978,3,1978-03,1.030522496146367,nan,nan,nan,Area (10^6 km^2),Monthly North Pacific High Area,nan,nan,nan,1.0
1978,4,1978-04,5.3258126258986875,nan,nan,nan,Area (10^6 km^2),Monthly North Pacific High Area,nan,nan,nan,1.0
1978,5,1978-05,6.140147123487304,nan,nan,nan,Area (10^6 km^2),Monthly North Pacific High Area,nan,nan,nan,1.0
1978,6,1978-06,6.041228092645544,nan,nan,nan,Area (10^6 km^2),Monthly North Pacific High Area,nan,nan,nan,1.0
1978,7,1978-07,4.921377764607893,nan,nan,nan,Area (10^6 km^2),Monthly North Pacific High Area,nan,nan,nan,1.0
1978,8,1978-08,4.709784077162765,nan,nan,nan,Area (10^6 km^2),Monthly North Pacific High Area,nan,nan,nan,1.0
1978,9,1978-09,2.788090331860492,nan,nan,nan,Area (10^6 km^2),Monthly North Pacific High Area,nan,nan,nan,1.0
1978,10,1978-10,2.25393124354627,nan,nan,nan,Area (10^6 km^2),Monthly North Pacific High Area,nan,nan,nan,1.0
1978,11,1978-11,3.741646018852097,nan,nan,nan,Area (10^6 km^2),Monthly North Pacific High Area,nan,nan,nan,1.0
1978,12,1978-12,5.688003319567357,nan,nan,nan,Area (10^6 km^2),Monthly North Pacific High Area,nan,nan,nan,1.0
1979,1,1979-01,0.6122341673531021,nan,nan,nan,Area (10^6 km^2),Monthly North Pacific High Area,nan,nan,nan,1.0
1979,2,1979-02,4.5632006766427615,nan,nan,nan,Area (10^6 km^2),Monthly North Pacific High Area,nan,nan,nan,1.0
1979,3,1979-03,3.084593177309209,nan,nan,nan,Area (10^6 km^2),Monthly North Pacific High Area,nan,nan,nan,1.0
1979,4,1979-04,5.18076347129296,nan,nan,nan,Area (10^6 km^2),Monthly North Pacific High Area,nan,nan,nan,1.0
1979,5,1979-05,4.902346664394543,nan,nan,nan,Area (10^6 km^2),Monthly North Pacific High Area,nan,nan,nan,1.0
1979,6,1979-06,6.3691508908554715,nan,nan,nan,Area (10^6 km^2),Monthly North Pacific High Area,nan,nan,nan,1.0
1979,7,1979-07,5.140006458374321,nan,nan,nan,Area (10^6 km^2),Monthly North Pacific High Area,nan,nan,nan,1.0
1979,8,1979-08,0.528710852585276,nan,nan,nan,Area (10^6 km^2),Monthly North Pacific High Area,nan,nan,nan,1.0
1979,9,1979-09,0.5018994379794687,nan,nan,nan,Area (10^6 km^2),Monthly North Pacific High Area,nan,nan,nan,1.0
1979,10,1979-10,0.02095687351056342,nan,nan,nan,Area (10^6 km^2),Monthly North Pacific High Area,nan,nan,nan,1.0
1979,11,1979-11,3.808426286069047,nan,nan,nan,Area (10^6 km^2),Monthly North Pacific High Area,nan,nan,nan,1.0
1979,12,1979-12,0.1277929439759035,nan,nan,nan,Area (10^6 km^2),Monthly North Pacific High Area,nan,nan,nan,1.0
1980,1,1980-01,0.0,nan,nan,nan,Area (10^6 km^2),Monthly North Pacific High Area,nan,nan,nan,1.0
1980,2,1980-02,0.01139512405308542,nan,nan,nan,Area (10^6 km^2),Monthly North Pacific High Area,nan,nan,nan,1.0
1980,3,1980-03,6.610722909098228,nan,nan,nan,Area (10^6 km^2),Monthly North Pacific High Area,nan,nan,nan,1.0
1980,4,1980-04,4.745637540443637,nan,nan,nan,Area (10^6 km^2),Monthly North Pacific High Area,nan,nan,nan,1.0
1980,5,1980-05,6.288220547513559,nan,nan,nan,Area (10^6 km^2),Monthly North Pacific High Area,nan,nan,nan,1.0
1980,6,1980-06,6.423800071150173,nan,nan,nan,Area (10^6 km^2),Monthly North Pacific High Area,nan,nan,nan,1.0
1980,7,1980-07,5.126773381906314,nan,nan,nan,Area (10^6 km^2),Monthly North Pacific High Area,nan,nan,nan,1.0
1980,8,1980-08,4.3545234314982535,nan,nan,nan,Area (10^6 km^2),Monthly North Pacific High Area,nan,nan,nan,1.0
1980,9,1980-09,2.9910490491513206,nan,nan,nan,Area (10^6 km^2),Monthly North Pacific High Area,nan,nan,nan,1.0
1980,10,1980-10,1.862654973440834,nan,nan,nan,Area (10^6 km^2),Monthly North Pacific High Area,nan,nan,nan,1.0
1980,11,1980-11,3.071602791330933,nan,nan,nan,Area (10^6 km^2),Monthly North Pacific High Area,nan,nan,nan,1.0
1980,12,1980-12,0.7699291997953195,nan,nan,nan,Area (10^6 km^2),Monthly North Pacific High Area,nan,nan,nan,1.0
1981,1,1981-01,0.02199626578217066,nan,nan,nan,Area (10^6 km^2),Monthly North Pacific High Area,nan,nan,nan,1.0
1981,2,1981-02,0.8049969444461662,nan,nan,nan,Area (10^6 km^2),Monthly North Pacific High Area,nan,nan,nan,1.0
1981,3,1981-03,4.369405557076741,nan,nan,nan,Area (10^6 km^2),Monthly North Pacific High Area,nan,nan,nan,1.0
1981,4,1981-04,6.238287276742939,nan,nan,nan,Area (10^6 km^2),Monthly North Pacific High Area,nan,nan,nan,1.0
1981,5,1981-05,4.423201064320121,nan,nan,nan,Area (10^6 km^2),Monthly North Pacific High Area,nan,nan,nan,1.0
1981,6,1981-06,4.990190278343179,nan,nan,nan,Area (10^6 km^2),Monthly North Pacific High Area,nan,nan,nan,1.0
1981,7,1981-07,4.8785223852281305,nan,nan,nan,Area (10^6 km^2),Monthly North Pacific High Area,nan,nan,nan,1.0
1981,8,1981-08,4.028640415532455,nan,nan,nan,Area (10^6 km^2),Monthly North Pacific High Area,nan,nan,nan,1.0
1981,9,1981-09,1.5954019041294778,nan,nan,nan,Area (10^6 km^2),Monthly North Pacific High Area,nan,nan,nan,1.0
1981,10,1981-10,2.398668437375675,nan,nan,nan,Area (10^6 km^2),Monthly North Pacific High Area,nan,nan,nan,1.0
1981,11,1981-11,1.041606406075635,nan,nan,nan,Area (10^6 km^2),Monthly North Pacific High Area,nan,nan,nan,1.0
1981,12,1981-12,1.6246369059561139,nan,nan,nan,Area (10^6 km^2),Monthly North Pacific High Area,nan,nan,nan,1.0
1982,1,1982-01,3.5365566183460775,nan,nan,nan,Area (10^6 km^2),Monthly North Pacific High Area,nan,nan,nan,1.0
1982,2,1982-02,0.968984883008143,nan,nan,nan,Area (10^6 km^2),Monthly North Pacific High Area,nan,nan,nan,1.0
1982,3,1982-03,2.522503764253307,nan,nan,nan,Area (10^6 km^2),Monthly North Pacific High Area,nan,nan,nan,1.0
1982,4,1982-04,4.182807516919983,nan,nan,nan,Area (10^6 km^2),Monthly North Pacific High Area,nan,nan,nan,1.0
1982,5,1982-05,5.566134850242501,nan,nan,nan,Area (10^6 km^2),Monthly North Pacific High Area,nan,nan,nan,1.0
1982,6,1982-06,1.596758601687808,nan,nan,nan,Area (10^6 km^2),Monthly North Pacific High Area,nan,nan,nan,1.0
1982,7,1982-07,4.662029371204072,nan,nan,nan,Area (10^6 km^2),Monthly North Pacific High Area,nan,nan,nan,1.0
1982,8,1982-08,5.07707493010439,nan,nan,nan,Area (10^6 km^2),Monthly North Pacific High Area,nan,nan,nan,1.0
1982,9,1982-09,3.503825161161716,nan,nan,nan,Area (10^6 km^2),Monthly North Pacific High Area,nan,nan,nan,1.0
1982,10,1982-10,0.3276577272961212,nan,nan,nan,Area (10^6 km^2),Monthly North Pacific High Area,nan,nan,nan,1.0
1982,11,1982-11,0.08588246920362681,nan,nan,nan,Area (10^6 km^2),Monthly North Pacific High Area,nan,nan,nan,1.0
1982,12,1982-12,0.8931483541078442,nan,nan,nan,Area (10^6 km^2),Monthly North Pacific High Area,nan,nan,nan,1.0
1983,1,1983-01,0.02199626578217066,nan,nan,nan,Area (10^6 km^2),Monthly North Pacific High Area,nan,nan,nan,1.0
1983,2,1983-02,0.011227339265666929,nan,nan,nan,Area (10^6 km^2),Monthly North Pacific High Area,nan,nan,nan,1.0
1983,3,1983-03,0.02262587650358185,nan,nan,nan,Area (10^6 km^2),Monthly North Pacific High Area,nan,nan,nan,1.0
1983,4,1983-04,4.2998937800604935,nan,nan,nan,Area (10^6 km^2),Monthly North Pacific High Area,nan,nan,nan,1.0
1983,5,1983-05,6.088136624194381,nan,nan,nan,Area (10^6 km^2),Monthly North Pacific High Area,nan,nan,nan,1.0
1983,6,1983-06,5.532037436407602,nan,nan,nan,Area (10^6 km^2),Monthly North Pacific High Area,nan,nan,nan,1.0
1983,7,1983-07,5.488492671699179,nan,nan,nan,Area (10^6 km^2),Monthly North Pacific High Area,nan,nan,nan,1.0
1983,8,1983-08,5.105007018344356,nan,nan,nan,Area (10^6 km^2),Monthly North Pacific High Area,nan,nan,nan,1.0
1983,9,1983-09,4.010089513119676,nan,nan,nan,Area (10^6 km^2),Monthly North Pacific High Area,nan,nan,nan,1.0
1983,10,1983-10,1.9729326594356889,nan,nan,nan,Area (10^6 km^2),Monthly North Pacific High Area,nan,nan,nan,1.0
1983,11,1983-11,1.2883205783050151,nan,nan,nan,Area (10^6 km^2),Monthly North Pacific High Area,nan,nan,nan,1.0
1983,12,1983-12,0.1311787235930931,nan,nan,nan,Area (10^6 km^2),Monthly North Pacific High Area,nan,nan,nan,1.0
1984,1,1984-01,4.325697670708007,nan,nan,nan,Area (10^6 km^2),Monthly North Pacific High Area,nan,nan,nan,1.0
1984,2,1984-02,3.023023884697557,nan,nan,nan,Area (10^6 km^2),Monthly North Pacific High Area,nan,nan,nan,1.0
1984,3,1984-03,2.7692059790056547,nan,nan,nan,Area (10^6 km^2),Monthly North Pacific High Area,nan,nan,nan,1.0
1984,4,1984-04,6.812149137626564,nan,nan,nan,Area (10^6 km^2),Monthly North Pacific High Area,nan,nan,nan,1.0
1984,5,1984-05,5.811924231380272,nan,nan,nan,Area (10^6 km^2),Monthly North Pacific High Area,nan,nan,nan,1.0
1984,6,1984-06,5.6805923510950525,nan,nan,nan,Area (10^6 km^2),Monthly North Pacific High Area,nan,nan,nan,1.0
1984,7,1984-07,4.068506684338268,nan,nan,nan,Area (10^6 km^2),Monthly North Pacific High Area,nan,nan,nan,1.0
1984,8,1984-08,4.250893761367289,nan,nan,nan,Area (10^6 km^2),Monthly North Pacific High Area,nan,nan,nan,1.0
1984,9,1984-09,1.2245635530344399,nan,nan,nan,Area (10^6 km^2),Monthly North Pacific High Area,nan,nan,nan,1.0
1984,10,1984-10,2.7644860586221527,nan,nan,nan,Area (10^6 km^2),Monthly North Pacific High Area,nan,nan,nan,1.0
1984,11,1984-11,3.900111997185233,nan,nan,nan,Area (10^6 km^2),Monthly North Pacific High Area,nan,nan,nan,1.0
1984,12,1984-12,3.385066992746611,nan,nan,nan,Area (10^6 km^2),Monthly North Pacific High Area,nan,nan,nan,1.0
1985,1,1985-01,1.150489659297036,nan,nan,nan,Area (10^6 km^2),Monthly North Pacific High Area,nan,nan,nan,1.0
1985,2,1985-02,4.9893566430126794,nan,nan,nan,Area (10^6 km^2),Monthly North Pacific High Area,nan,nan,nan,1.0
1985,3,1985-03,6.5841649784643295,nan,nan,nan,Area (10^6 km^2),Monthly North Pacific High Area,nan,nan,nan,1.0
1985,4,1985-04,5.692542320177784,nan,nan,nan,Area (10^6 km^2),Monthly North Pacific High Area,nan,nan,nan,1.0
1985,5,1985-05,5.334744625510016,nan,nan,nan,Area (10^6 km^2),Monthly North Pacific High Area,nan,nan,nan,1.0
1985,6,1985-06,4.161110310220118,nan,nan,nan,Area (10^6 km^2),Monthly North Pacific High Area,nan,nan,nan,1.0
1985,7,1985-07,4.588288073087559,nan,nan,nan,Area (10^6 km^2),Monthly North Pacific High Area,nan,nan,nan,1.0
1985,8,1985-08,4.456851778693487,nan,nan,nan,Area (10^6 km^2),Monthly North Pacific High Area,nan,nan,nan,1.0
1985,9,1985-09,3.262866606603152,nan,nan,nan,Area (10^6 km^2),Monthly North Pacific High Area,nan,nan,nan,1.0
1985,10,1985-10,3.887113333169067,nan,nan,nan,Area (10^6 km^2),Monthly North Pacific High Area,nan,nan,nan,1.0
1985,11,1985-11,0.8457685163944776,nan,nan,nan,Area (10^6 km^2),Monthly North Pacific High Area,nan,nan,nan,1.0
1985,12,1985-12,0.8170103431331512,nan,nan,nan,Area (10^6 km^2),Monthly North Pacific High Area,nan,nan,nan,1.0
1986,1,1986-01,0.03255044409714993,nan,nan,nan,Area (10^6 km^2),Monthly North Pacific High Area,nan,nan,nan,1.0
1986,2,1986-02,0.02218433518367459,nan,nan,nan,Area (10^6 km^2),Monthly North Pacific High Area,nan,nan,nan,1.0
1986,3,1986-03,0.3856079632346704,nan,nan,nan,Area (10^6 km^2),Monthly North Pacific High Area,nan,nan,nan,1.0
1986,4,1986-04,6.166973507075156,nan,nan,nan,Area (10^6 km^2),Monthly North Pacific High Area,nan,nan,nan,1.0
1986,5,1986-05,3.576570456792075,nan,nan,nan,Area (10^6 km^2),Monthly North Pacific High Area,nan,nan,nan,1.0
1986,6,1986-06,3.8212142061312058,nan,nan,nan,Area (10^6 km^2),Monthly North Pacific High Area,nan,nan,nan,1.0
1986,7,1986-07,5.433209073178641,nan,nan,nan,Area (10^6 km^2),Monthly North Pacific High Area,nan,nan,nan,1.0
1986,8,1986-08,3.501692612340285,nan,nan,nan,Area (10^6 km^2),Monthly North Pacific High Area,nan,nan,nan,1.0
1986,9,1986-09,2.425385929865792,nan,nan,nan,Area (10^6 km^2),Monthly North Pacific High Area,nan,nan,nan,1.0
1986,10,1986-10,0.0,nan,nan,nan,Area (10^6 km^2),Monthly North Pacific High Area,nan,nan,nan,1.0
1986,11,1986-11,4.723999534967587,nan,nan,nan,Area (10^6 km^2),Monthly North Pacific High Area,nan,nan,nan,1.0
1986,12,1986-12,0.9156560903465918,nan,nan,nan,Area (10^6 km^2),Monthly North Pacific High Area,nan,nan,nan,1.0
1987,1,1987-01,3.0448749037224787,nan,nan,nan,Area (10^6 km^2),Monthly North Pacific High Area,nan,nan,nan,1.0
1987,2,1987-02,0.0,nan,nan,nan,Area (10^6 km^2),Monthly North Pacific High Area,nan,nan,nan,1.0
1987,3,1987-03,0.02180152619448833,nan,nan,nan,Area (10^6 km^2),Monthly North Pacific High Area,nan,nan,nan,1.0
1987,4,1987-04,4.227166507903709,nan,nan,nan,Area (10^6 km^2),Monthly North Pacific High Area,nan,nan,nan,1.0
1987,5,1987-05,3.9358879586831277,nan,nan,nan,Area (10^6 km^2),Monthly North Pacific High Area,nan,nan,nan,1.0
1987,6,1987-06,5.321414239749556,nan,nan,nan,Area (10^6 km^2),Monthly North Pacific High Area,nan,nan,nan,1.0
1987,7,1987-07,4.225217838132328,nan,nan,nan,Area (10^6 km^2),Monthly North Pacific High Area,nan,nan,nan,1.0
1987,8,1987-08,3.032042161289576,nan,nan,nan,Area (10^6 km^2),Monthly North Pacific High Area,nan,nan,nan,1.0
1987,9,1987-09,3.071756043053658,nan,nan,nan,Area (10^6 km^2),Monthly North Pacific High Area,nan,nan,nan,1.0
1987,10,1987-10,1.933667422723634,nan,nan,nan,Area (10^6 km^2),Monthly North Pacific High Area,nan,nan,nan,1.0
1987,11,1987-11,3.3439293445091036,nan,nan,nan,Area (10^6 km^2),Monthly North Pacific High Area,nan,nan,nan,1.0
1987,12,1987-12,3.2421799850719317,nan,nan,nan,Area (10^6 km^2),Monthly North Pacific High Area,nan,nan,nan,1.0
1988,1,1988-01,1.41463754474075,nan,nan,nan,Area (10^6 km^2),Monthly North Pacific High Area,nan,nan,nan,1.0
1988,2,1988-02,2.95620997608802,nan,nan,nan,Area (10^6 km^2),Monthly North Pacific High Area,nan,nan,nan,1.0
1988,3,1988-03,6.262935862947359,nan,nan,nan,Area (10^6 km^2),Monthly North Pacific High Area,nan,nan,nan,1.0
1988,4,1988-04,3.729794063702117,nan,nan,nan,Area (10^6 km^2),Monthly North Pacific High Area,nan,nan,nan,1.0
1988,5,1988-05,5.802538264803604,nan,nan,nan,Area (10^6 km^2),Monthly North Pacific High Area,nan,nan,nan,1.0
1988,6,1988-06,5.606941225797198,nan,nan,nan,Area (10^6 km^2),Monthly North Pacific High Area,nan,nan,nan,1.0
1988,7,1988-07,5.01553464409761,nan,nan,nan,Area (10^6 km^2),Monthly North Pacific High Area,nan,nan,nan,1.0
1988,8,1988-08,4.2868966237336465,nan,nan,nan,Area (10^6 km^2),Monthly North Pacific High Area,nan,nan,nan,1.0
1988,9,1988-09,3.4982180903372027,nan,nan,nan,Area (10^6 km^2),Monthly North Pacific High Area,nan,nan,nan,1.0
1988,10,1988-10,0.1652222504804975,nan,nan,nan,Area (10^6 km^2),Monthly North Pacific High Area,nan,nan,nan,1.0
1988,11,1988-11,4.3456392612717725,nan,nan,nan,Area (10^6 km^2),Monthly North Pacific High Area,nan,nan,nan,1.0
1988,12,1988-12,4.560499650476822,nan,nan,nan,Area (10^6 km^2),Monthly North Pacific High Area,nan,nan,nan,1.0
1989,1,1989-01,6.8783164626873585,nan,nan,nan,Area (10^6 km^2),Monthly North Pacific High Area,nan,nan,nan,1.0
1989,2,1989-02,4.376984250264178,nan,nan,nan,Area (10^6 km^2),Monthly North Pacific High Area,nan,nan,nan,1.0
1989,3,1989-03,0.614800385345891,nan,nan,nan,Area (10^6 km^2),Monthly North Pacific High Area,nan,nan,nan,1.0
1989,4,1989-04,3.532698976879509,nan,nan,nan,Area (10^6 km^2),Monthly North Pacific High Area,nan,nan,nan,1.0
1989,5,1989-05,6.388098528252129,nan,nan,nan,Area (10^6 km^2),Monthly North Pacific High Area,nan,nan,nan,1.0
1989,6,1989-06,4.912567467001426,nan,nan,nan,Area (10^6 km^2),Monthly North Pacific High Area,nan,nan,nan,1.0
1989,7,1989-07,6.124901211291679,nan,nan,nan,Area (10^6 km^2),Monthly North Pacific High Area,nan,nan,nan,1.0
1989,8,1989-08,4.785868238792946,nan,nan,nan,Area (10^6 km^2),Monthly North Pacific High Area,nan,nan,nan,1.0
1989,9,1989-09,2.5940355255726066,nan,nan,nan,Area (10^6 km^2),Monthly North Pacific High Area,nan,nan,nan,1.0
1989,10,1989-10,2.2442950527002976,nan,nan,nan,Area (10^6 km^2),Monthly North Pacific High Area,nan,nan,nan,1.0
1989,11,1989-11,2.0126290874851698,nan,nan,nan,Area (10^6 km^2),Monthly North Pacific High Area,nan,nan,nan,1.0
1989,12,1989-12,1.762304804824924,nan,nan,nan,Area (10^6 km^2),Monthly North Pacific High Area,nan,nan,nan,1.0
1990,1,1990-01,4.33097293514762,nan,nan,nan,Area (10^6 km^2),Monthly North Pacific High Area,nan,nan,nan,1.0
1990,2,1990-02,5.70282902036847,nan,nan,nan,Area (10^6 km^2),Monthly North Pacific High Area,nan,nan,nan,1.0
1990,3,1990-03,4.056586278022118,nan,nan,nan,Area (10^6 km^2),Monthly North Pacific High Area,nan,nan,nan,1.0
1990,4,1990-04,2.7864017524058102,nan,nan,nan,Area (10^6 km^2),Monthly North Pacific High Area,nan,nan,nan,1.0
1990,5,1990-05,5.492127467331087,nan,nan,nan,Area (10^6 km^2),Monthly North Pacific High Area,nan,nan,nan,1.0
1990,6,1990-06,5.987798766393253,nan,nan,nan,Area (10^6 km^2),Monthly North Pacific High Area,nan,nan,nan,1.0
1990,7,1990-07,4.171374228270308,nan,nan,nan,Area (10^6 km^2),Monthly North Pacific High Area,nan,nan,nan,1.0
1990,8,1990-08,4.086730992996476,nan,nan,nan,Area (10^6 km^2),Monthly North Pacific High Area,nan,nan,nan,1.0
1990,9,1990-09,3.451389859170227,nan,nan,nan,Area (10^6 km^2),Monthly North Pacific High Area,nan,nan,nan,1.0
1990,10,1990-10,4.7635977184195495,nan,nan,nan,Area (10^6 km^2),Monthly North Pacific High Area,nan,nan,nan,1.0
1990,11,1990-11,4.985328693943974,nan,nan,nan,Area (10^6 km^2),Monthly North Pacific High Area,nan,nan,nan,1.0
1990,12,1990-12,4.7758867700686825,nan,nan,nan,Area (10^6 km^2),Monthly North Pacific High Area,nan,nan,nan,1.0
1991,1,1991-01,1.5237759587786859,nan,nan,nan,Area (10^6 km^2),Monthly North Pacific High Area,nan,nan,nan,1.0
1991,2,1991-02,0.4548684408024179,nan,nan,nan,Area (10^6 km^2),Monthly North Pacific High Area,nan,nan,nan,1.0
1991,3,1991-03,4.826911356910262,nan,nan,nan,Area (10^6 km^2),Monthly North Pacific High Area,nan,nan,nan,1.0
1991,4,1991-04,6.210019985233154,nan,nan,nan,Area (10^6 km^2),Monthly North Pacific High Area,nan,nan,nan,1.0
1991,5,1991-05,6.004284831011013,nan,nan,nan,Area (10^6 km^2),Monthly North Pacific High Area,nan,nan,nan,1.0
1991,6,1991-06,5.539983090694175,nan,nan,nan,Area (10^6 km^2),Monthly North Pacific High Area,nan,nan,nan,1.0
1991,7,1991-07,4.885111059943305,nan,nan,nan,Area (10^6 km^2),Monthly North Pacific High Area,nan,nan,nan,1.0
1991,8,1991-08,4.882388411002453,nan,nan,nan,Area (10^6 km^2),Monthly North Pacific High Area,nan,nan,nan,1.0
1991,9,1991-09,1.571500684829049,nan,nan,nan,Area (10^6 km^2),Monthly North Pacific High Area,nan,nan,nan,1.0
1991,10,1991-10,1.6333945104420868,nan,nan,nan,Area (10^6 km^2),Monthly North Pacific High Area,nan,nan,nan,1.0
1991,11,1991-11,3.1021031593383888,nan,nan,nan,Area (10^6 km^2),Monthly North Pacific High Area,nan,nan,nan,1.0
1991,12,1991-12,2.678576699959116,nan,nan,nan,Area (10^6 km^2),Monthly North Pacific High Area,nan,nan,nan,1.0
1992,1,1992-01,0.49471635446410844,nan,nan,nan,Area (10^6 km^2),Monthly North Pacific High Area,nan,nan,nan,1.0
1992,2,1992-02,0.03341167444934152,nan,nan,nan,Area (10^6 km^2),Monthly North Pacific High Area,nan,nan,nan,1.0
1992,3,1992-03,2.1467313088671527,nan,nan,nan,Area (10^6 km^2),Monthly North Pacific High Area,nan,nan,nan,1.0
1992,4,1992-04,0.8236666072935305,nan,nan,nan,Area (10^6 km^2),Monthly North Pacific High Area,nan,nan,nan,1.0
1992,5,1992-05,0.4716949827485177,nan,nan,nan,Area (10^6 km^2),Monthly North Pacific High Area,nan,nan,nan,1.0
1992,6,1992-06,4.011646065025235,nan,nan,nan,Area (10^6 km^2),Monthly North Pacific High Area,nan,nan,nan,1.0
1992,7,1992-07,4.3283696543431684,nan,nan,nan,Area (10^6 km^2),Monthly North Pacific High Area,nan,nan,nan,1.0
1992,8,1992-08,5.029078515347273,nan,nan,nan,Area (10^6 km^2),Monthly North Pacific High Area,nan,nan,nan,1.0
1992,9,1992-09,2.551101762047614,nan,nan,nan,Area (10^6 km^2),Monthly North Pacific High Area,nan,nan,nan,1.0
1992,10,1992-10,0.03182110129395608,nan,nan,nan,Area (10^6 km^2),Monthly North Pacific High Area,nan,nan,nan,1.0
1992,11,1992-11,1.908278964929804,nan,nan,nan,Area (10^6 km^2),Monthly North Pacific High Area,nan,nan,nan,1.0
1992,12,1992-12,5.405758628359498,nan,nan,nan,Area (10^6 km^2),Monthly North Pacific High Area,nan,nan,nan,1.0
1993,1,1993-01,0.011227339265666929,nan,nan,nan,Area (10^6 km^2),Monthly North Pacific High Area,nan,nan,nan,1.0
1993,2,1993-02,0.0,nan,nan,nan,Area (10^6 km^2),Monthly North Pacific High Area,nan,nan,nan,1.0
1993,3,1993-03,2.577487097198787,nan,nan,nan,Area (10^6 km^2),Monthly North Pacific High Area,nan,nan,nan,1.0
1993,4,1993-04,4.572650953678801,nan,nan,nan,Area (10^6 km^2),Monthly North Pacific High Area,nan,nan,nan,1.0
1993,5,1993-05,1.329659842593655,nan,nan,nan,Area (10^6 km^2),Monthly North Pacific High Area,nan,nan,nan,1.0
1993,6,1993-06,4.196309720505552,nan,nan,nan,Area (10^6 km^2),Monthly North Pacific High Area,nan,nan,nan,1.0
1993,7,1993-07,4.846554726156881,nan,nan,nan,Area (10^6 km^2),Monthly North Pacific High Area,nan,nan,nan,1.0
1993,8,1993-08,4.446112257394232,nan,nan,nan,Area (10^6 km^2),Monthly North Pacific High Area,nan,nan,nan,1.0
1993,9,1993-09,2.293018876798273,nan,nan,nan,Area (10^6 km^2),Monthly North Pacific High Area,nan,nan,nan,1.0
1993,10,1993-10,0.15409332004136708,nan,nan,nan,Area (10^6 km^2),Monthly North Pacific High Area,nan,nan,nan,1.0
1993,11,1993-11,3.7516273693912114,nan,nan,nan,Area (10^6 km^2),Monthly North Pacific High Area,nan,nan,nan,1.0
1993,12,1993-12,4.2744666155035755,nan,nan,nan,Area (10^6 km^2),Monthly North Pacific High Area,nan,nan,nan,1.0
1994,1,1994-01,1.8507849996854389,nan,nan,nan,Area (10^6 km^2),Monthly North Pacific High Area,nan,nan,nan,1.0
1994,2,1994-02,2.295932715689498,nan,nan,nan,Area (10^6 km^2),Monthly North Pacific High Area,nan,nan,nan,1.0
1994,3,1994-03,4.721757246066526,nan,nan,nan,Area (10^6 km^2),Monthly North Pacific High Area,nan,nan,nan,1.0
1994,4,1994-04,5.516005241629691,nan,nan,nan,Area (10^6 km^2),Monthly North Pacific High Area,nan,nan,nan,1.0
1994,5,1994-05,5.643215150169167,nan,nan,nan,Area (10^6 km^2),Monthly North Pacific High Area,nan,nan,nan,1.0
1994,6,1994-06,5.74178959213492,nan,nan,nan,Area (10^6 km^2),Monthly North Pacific High Area,nan,nan,nan,1.0
1994,7,1994-07,5.0824700971264125,nan,nan,nan,Area (10^6 km^2),Monthly North Pacific High Area,nan,nan,nan,1.0
1994,8,1994-08,4.853896062199659,nan,nan,nan,Area (10^6 km^2),Monthly North Pacific High Area,nan,nan,nan,1.0
1994,9,1994-09,3.4612376964819878,nan,nan,nan,Area (10^6 km^2),Monthly North Pacific High Area,nan,nan,nan,1.0
1994,10,1994-10,2.023926718254301,nan,nan,nan,Area (10^6 km^2),Monthly North Pacific High Area,nan,nan,nan,1.0
1994,11,1994-11,6.602410711369006,nan,nan,nan,Area (10^6 km^2),Monthly North Pacific High Area,nan,nan,nan,1.0
1994,12,1994-12,4.4849104672423135,nan,nan,nan,Area (10^6 km^2),Monthly North Pacific High Area,nan,nan,nan,1.0
1995,1,1995-01,0.0454161246097524,nan,nan,nan,Area (10^6 km^2),Monthly North Pacific High Area,nan,nan,nan,1.0
1995,2,1995-02,0.07338581485588812,nan,nan,nan,Area (10^6 km^2),Monthly North Pacific High Area,nan,nan,nan,1.0
1995,3,1995-03,0.0,nan,nan,nan,Area (10^6 km^2),Monthly North Pacific High Area,nan,nan,nan,1.0
1995,4,1995-04,4.229195324616917,nan,nan,nan,Area (10^6 km^2),Monthly North Pacific High Area,nan,nan,nan,1.0
1995,5,1995-05,4.367308163356458,nan,nan,nan,Area (10^6 km^2),Monthly North Pacific High Area,nan,nan,nan,1.0
1995,6,1995-06,4.934505608200384,nan,nan,nan,Area (10^6 km^2),Monthly North Pacific High Area,nan,nan,nan,1.0
1995,7,1995-07,4.710509421825426,nan,nan,nan,Area (10^6 km^2),Monthly North Pacific High Area,nan,nan,nan,1.0
1995,8,1995-08,4.33862360097055,nan,nan,nan,Area (10^6 km^2),Monthly North Pacific High Area,nan,nan,nan,1.0
1995,9,1995-09,0.03056621915995781,nan,nan,nan,Area (10^6 km^2),Monthly North Pacific High Area,nan,nan,nan,1.0
1995,10,1995-10,4.21476547420697,nan,nan,nan,Area (10^6 km^2),Monthly North Pacific High Area,nan,nan,nan,1.0
1995,11,1995-11,1.955728923406994,nan,nan,nan,Area (10^6 km^2),Monthly North Pacific High Area,nan,nan,nan,1.0
1995,12,1995-12,1.903633951568607,nan,nan,nan,Area (10^6 km^2),Monthly North Pacific High Area,nan,nan,nan,1.0
1996,1,1996-01,1.84953921676373,nan,nan,nan,Area (10^6 km^2),Monthly North Pacific High Area,nan,nan,nan,1.0
1996,2,1996-02,0.06709030014015865,nan,nan,nan,Area (10^6 km^2),Monthly North Pacific High Area,nan,nan,nan,1.0
1996,3,1996-03,0.36094206912577187,nan,nan,nan,Area (10^6 km^2),Monthly North Pacific High Area,nan,nan,nan,1.0
1996,4,1996-04,3.498437646962468,nan,nan,nan,Area (10^6 km^2),Monthly North Pacific High Area,nan,nan,nan,1.0
1996,5,1996-05,2.9264860372773938,nan,nan,nan,Area (10^6 km^2),Monthly North Pacific High Area,nan,nan,nan,1.0
1996,6,1996-06,5.867659272843601,nan,nan,nan,Area (10^6 km^2),Monthly North Pacific High Area,nan,nan,nan,1.0
1996,7,1996-07,5.31923966375778,nan,nan,nan,Area (10^6 km^2),Monthly North Pacific High Area,nan,nan,nan,1.0
1996,8,1996-08,4.193387069377478,nan,nan,nan,Area (10^6 km^2),Monthly North Pacific High Area,nan,nan,nan,1.0
1996,9,1996-09,2.17898822426065,nan,nan,nan,Area (10^6 km^2),Monthly North Pacific High Area,nan,nan,nan,1.0
1996,10,1996-10,2.6923533078490185,nan,nan,nan,Area (10^6 km^2),Monthly North Pacific High Area,nan,nan,nan,1.0
1996,11,1996-11,1.471747681560405,nan,nan,nan,Area (10^6 km^2),Monthly North Pacific High Area,nan,nan,nan,1.0
1996,12,1996-12,0.21776098364276208,nan,nan,nan,Area (10^6 km^2),Monthly North Pacific High Area,nan,nan,nan,1.0
1997,1,1997-01,1.028141459782283,nan,nan,nan,Area (10^6 km^2),Monthly North Pacific High Area,nan,nan,nan,1.0
1997,2,1997-02,4.832550705962132,nan,nan,nan,Area (10^6 km^2),Monthly North Pacific High Area,nan,nan,nan,1.0
1997,3,1997-03,4.9691355647646605,nan,nan,nan,Area (10^6 km^2),Monthly North Pacific High Area,nan,nan,nan,1.0
1997,4,1997-04,3.7291563235907486,nan,nan,nan,Area (10^6 km^2),Monthly North Pacific High Area,nan,nan,nan,1.0
1997,5,1997-05,0.0,nan,nan,nan,Area (10^6 km^2),Monthly North Pacific High Area,nan,nan,nan,1.0
1997,6,1997-06,4.834617210519298,nan,nan,nan,Area (10^6 km^2),Monthly North Pacific High Area,nan,nan,nan,1.0
1997,7,1997-07,4.955106130198428,nan,nan,nan,Area (10^6 km^2),Monthly North Pacific High Area,nan,nan,nan,1.0
1997,8,1997-08,3.3841890822436898,nan,nan,nan,Area (10^6 km^2),Monthly North Pacific High Area,nan,nan,nan,1.0
1997,9,1997-09,1.15477309765589,nan,nan,nan,Area (10^6 km^2),Monthly North Pacific High Area,nan,nan,nan,1.0
1997,10,1997-10,2.7972486643659167,nan,nan,nan,Area (10^6 km^2),Monthly North Pacific High Area,nan,nan,nan,1.0
1997,11,1997-11,0.28281370162166,nan,nan,nan,Area (10^6 km^2),Monthly North Pacific High Area,nan,nan,nan,1.0
1997,12,1997-12,3.8801559745805805,nan,nan,nan,Area (10^6 km^2),Monthly North Pacific High Area,nan,nan,nan,1.0
1998,1,1998-01,0.0,nan,nan,nan,Area (10^6 km^2),Monthly North Pacific High Area,nan,nan,nan,1.0
1998,2,1998-02,1.590388101104153,nan,nan,nan,Area (10^6 km^2),Monthly North Pacific High Area,nan,nan,nan,1.0
1998,3,1998-03,2.894039306663398,nan,nan,nan,Area (10^6 km^2),Monthly North Pacific High Area,nan,nan,nan,1.0
1998,4,1998-04,7.3028172616941776,nan,nan,nan,Area (10^6 km^2),Monthly North Pacific High Area,nan,nan,nan,1.0
1998,5,1998-05,6.33480888110738,nan,nan,nan,Area (10^6 km^2),Monthly North Pacific High Area,nan,nan,nan,1.0
1998,6,1998-06,6.137984228830451,nan,nan,nan,Area (10^6 km^2),Monthly North Pacific High Area,nan,nan,nan,1.0
1998,7,1998-07,5.718876739609115,nan,nan,nan,Area (10^6 km^2),Monthly North Pacific High Area,nan,nan,nan,1.0
1998,8,1998-08,5.471906614564457,nan,nan,nan,Area (10^6 km^2),Monthly North Pacific High Area,nan,nan,nan,1.0
1998,9,1998-09,3.582285837671439,nan,nan,nan,Area (10^6 km^2),Monthly North Pacific High Area,nan,nan,nan,1.0
1998,10,1998-10,4.91994745343638,nan,nan,nan,Area (10^6 km^2),Monthly North Pacific High Area,nan,nan,nan,1.0
1998,11,1998-11,4.4932216034856785,nan,nan,nan,Area (10^6 km^2),Monthly North Pacific High Area,nan,nan,nan,1.0
1998,12,1998-12,6.924567216582575,nan,nan,nan,Area (10^6 km^2),Monthly North Pacific High Area,nan,nan,nan,1.0
1999,1,1999-01,4.841691951196396,nan,nan,nan,Area (10^6 km^2),Monthly North Pacific High Area,nan,nan,nan,1.0
1999,2,1999-02,5.594855812398874,nan,nan,nan,Area (10^6 km^2),Monthly North Pacific High Area,nan,nan,nan,1.0
1999,3,1999-03,5.784902760428346,nan,nan,nan,Area (10^6 km^2),Monthly North Pacific High Area,nan,nan,nan,1.0
1999,4,1999-04,7.665317264563493,nan,nan,nan,Area (10^6 km^2),Monthly North Pacific High Area,nan,nan,nan,1.0
1999,5,1999-05,6.671644641883439,nan,nan,nan,Area (10^6 km^2),Monthly North Pacific High Area,nan,nan,nan,1.0
1999,6,1999-06,5.602922354458062,nan,nan,nan,Area (10^6 km^2),Monthly North Pacific High Area,nan,nan,nan,1.0
1999,7,1999-07,5.448534379679993,nan,nan,nan,Area (10^6 km^2),Monthly North Pacific High Area,nan,nan,nan,1.0
1999,8,1999-08,5.01102329478011,nan,nan,nan,Area (10^6 km^2),Monthly North Pacific High Area,nan,nan,nan,1.0
1999,9,1999-09,3.922254399267787,nan,nan,nan,Area (10^6 km^2),Monthly North Pacific High Area,nan,nan,nan,1.0
1999,10,1999-10,3.634286417740639,nan,nan,nan,Area (10^6 km^2),Monthly North Pacific High Area,nan,nan,nan,1.0
1999,11,1999-11,2.861232188857617,nan,nan,nan,Area (10^6 km^2),Monthly North Pacific High Area,nan,nan,nan,1.0
1999,12,1999-12,4.73929273905905,nan,nan,nan,Area (10^6 km^2),Monthly North Pacific High Area,nan,nan,nan,1.0
2000,1,2000-01,5.006722089001952,nan,nan,nan,Area (10^6 km^2),Monthly North Pacific High Area,nan,nan,nan,1.0
2000,2,2000-02,3.2510006208742506,nan,nan,nan,Area (10^6 km^2),Monthly North Pacific High Area,nan,nan,nan,1.0
2000,3,2000-03,5.85989747654769,nan,nan,nan,Area (10^6 km^2),Monthly North Pacific High Area,nan,nan,nan,1.0
2000,4,2000-04,5.695936723097872,nan,nan,nan,Area (10^6 km^2),Monthly North Pacific High Area,nan,nan,nan,1.0
2000,5,2000-05,4.187241320335639,nan,nan,nan,Area (10^6 km^2),Monthly North Pacific High Area,nan,nan,nan,1.0
2000,6,2000-06,4.32598808811032,nan,nan,nan,Area (10^6 km^2),Monthly North Pacific High Area,nan,nan,nan,1.0
2000,7,2000-07,5.739406111963943,nan,nan,nan,Area (10^6 km^2),Monthly North Pacific High Area,nan,nan,nan,1.0
2000,8,2000-08,4.706214994621992,nan,nan,nan,Area (10^6 km^2),Monthly North Pacific High Area,nan,nan,nan,1.0
2000,9,2000-09,2.323402737434517,nan,nan,nan,Area (10^6 km^2),Monthly North Pacific High Area,nan,nan,nan,1.0
2000,10,2000-10,3.789689714928752,nan,nan,nan,Area (10^6 km^2),Monthly North Pacific High Area,nan,nan,nan,1.0
2000,11,2000-11,4.76032749392465,nan,nan,nan,Area (10^6 km^2),Monthly North Pacific High Area,nan,nan,nan,1.0
2000,12,2000-12,2.010278157926036,nan,nan,nan,Area (10^6 km^2),Monthly North Pacific High Area,nan,nan,nan,1.0
2001,1,2001-01,3.4772815569094138,nan,nan,nan,Area (10^6 km^2),Monthly North Pacific High Area,nan,nan,nan,1.0
2001,2,2001-02,4.3505465936601695,nan,nan,nan,Area (10^6 km^2),Monthly North Pacific High Area,nan,nan,nan,1.0
2001,3,2001-03,5.054205751540837,nan,nan,nan,Area (10^6 km^2),Monthly North Pacific High Area,nan,nan,nan,1.0
2001,4,2001-04,7.124090493901663,nan,nan,nan,Area (10^6 km^2),Monthly North Pacific High Area,nan,nan,nan,1.0
2001,5,2001-05,5.15422818389697,nan,nan,nan,Area (10^6 km^2),Monthly North Pacific High Area,nan,nan,nan,1.0
2001,6,2001-06,5.1562956942581435,nan,nan,nan,Area (10^6 km^2),Monthly North Pacific High Area,nan,nan,nan,1.0
2001,7,2001-07,5.158499320516908,nan,nan,nan,Area (10^6 km^2),Monthly North Pacific High Area,nan,nan,nan,1.0
2001,8,2001-08,4.2809285539011785,nan,nan,nan,Area (10^6 km^2),Monthly North Pacific High Area,nan,nan,nan,1.0
2001,9,2001-09,1.532497632672256,nan,nan,nan,Area (10^6 km^2),Monthly North Pacific High Area,nan,nan,nan,1.0
2001,10,2001-10,4.1337698973682535,nan,nan,nan,Area (10^6 km^2),Monthly North Pacific High Area,nan,nan,nan,1.0
2001,11,2001-11,0.02190055754371098,nan,nan,nan,Area (10^6 km^2),Monthly North Pacific High Area,nan,nan,nan,1.0
2001,12,2001-12,2.753598773260495,nan,nan,nan,Area (10^6 km^2),Monthly North Pacific High Area,nan,nan,nan,1.0
2002,1,2002-01,3.5891539723701427,nan,nan,nan,Area (10^6 km^2),Monthly North Pacific High Area,nan,nan,nan,1.0
2002,2,2002-02,4.749790789564675,nan,nan,nan,Area (10^6 km^2),Monthly North Pacific High Area,nan,nan,nan,1.0
2002,3,2002-03,5.003903806663258,nan,nan,nan,Area (10^6 km^2),Monthly North Pacific High Area,nan,nan,nan,1.0
2002,4,2002-04,4.565727363867475,nan,nan,nan,Area (10^6 km^2),Monthly North Pacific High Area,nan,nan,nan,1.0
2002,5,2002-05,4.345080958137778,nan,nan,nan,Area (10^6 km^2),Monthly North Pacific High Area,nan,nan,nan,1.0
2002,6,2002-06,4.235081101145187,nan,nan,nan,Area (10^6 km^2),Monthly North Pacific High Area,nan,nan,nan,1.0
2002,7,2002-07,4.965297015597294,nan,nan,nan,Area (10^6 km^2),Monthly North Pacific High Area,nan,nan,nan,1.0
2002,8,2002-08,4.331137619090339,nan,nan,nan,Area (10^6 km^2),Monthly North Pacific High Area,nan,nan,nan,1.0
2002,9,2002-09,2.417927773109804,nan,nan,nan,Area (10^6 km^2),Monthly North Pacific High Area,nan,nan,nan,1.0
2002,10,2002-10,1.9133725103147208,nan,nan,nan,Area (10^6 km^2),Monthly North Pacific High Area,nan,nan,nan,1.0
2002,11,2002-11,0.416635771871216,nan,nan,nan,Area (10^6 km^2),Monthly North Pacific High Area,nan,nan,nan,1.0
2002,12,2002-12,2.3196264130643907,nan,nan,nan,Area (10^6 km^2),Monthly North Pacific High Area,nan,nan,nan,1.0
2003,1,2003-01,0.28120269788219626,nan,nan,nan,Area (10^6 km^2),Monthly North Pacific High Area,nan,nan,nan,1.0
2003,2,2003-02,1.8095214657746228,nan,nan,nan,Area (10^6 km^2),Monthly North Pacific High Area,nan,nan,nan,1.0
2003,3,2003-03,2.290863868877057,nan,nan,nan,Area (10^6 km^2),Monthly North Pacific High Area,nan,nan,nan,1.0
2003,4,2003-04,5.859963527731359,nan,nan,nan,Area (10^6 km^2),Monthly North Pacific High Area,nan,nan,nan,1.0
2003,5,2003-05,5.259189581205777,nan,nan,nan,Area (10^6 km^2),Monthly North Pacific High Area,nan,nan,nan,1.0
2003,6,2003-06,3.5679994915628312,nan,nan,nan,Area (10^6 km^2),Monthly North Pacific High Area,nan,nan,nan,1.0
2003,7,2003-07,5.202237427499802,nan,nan,nan,Area (10^6 km^2),Monthly North Pacific High Area,nan,nan,nan,1.0
2003,8,2003-08,4.914895309095758,nan,nan,nan,Area (10^6 km^2),Monthly North Pacific High Area,nan,nan,nan,1.0
2003,9,2003-09,1.924684311314569,nan,nan,nan,Area (10^6 km^2),Monthly North Pacific High Area,nan,nan,nan,1.0
2003,10,2003-10,0.502897793467689,nan,nan,nan,Area (10^6 km^2),Monthly North Pacific High Area,nan,nan,nan,1.0
2003,11,2003-11,3.9196618172855797,nan,nan,nan,Area (10^6 km^2),Monthly North Pacific High Area,nan,nan,nan,1.0
2003,12,2003-12,0.8648314686399753,nan,nan,nan,Area (10^6 km^2),Monthly North Pacific High Area,nan,nan,nan,1.0
2004,1,2004-01,1.048923473864848,nan,nan,nan,Area (10^6 km^2),Monthly North Pacific High Area,nan,nan,nan,1.0
2004,2,2004-02,1.5648046445217347,nan,nan,nan,Area (10^6 km^2),Monthly North Pacific High Area,nan,nan,nan,1.0
2004,3,2004-03,4.959074604189113,nan,nan,nan,Area (10^6 km^2),Monthly North Pacific High Area,nan,nan,nan,1.0
2004,4,2004-04,4.4239610570717645,nan,nan,nan,Area (10^6 km^2),Monthly North Pacific High Area,nan,nan,nan,1.0
2004,5,2004-05,4.465358675458987,nan,nan,nan,Area (10^6 km^2),Monthly North Pacific High Area,nan,nan,nan,1.0
2004,6,2004-06,5.4396223811352895,nan,nan,nan,Area (10^6 km^2),Monthly North Pacific High Area,nan,nan,nan,1.0
2004,7,2004-07,4.357628700797439,nan,nan,nan,Area (10^6 km^2),Monthly North Pacific High Area,nan,nan,nan,1.0
2004,8,2004-08,3.7903009256028124,nan,nan,nan,Area (10^6 km^2),Monthly North Pacific High Area,nan,nan,nan,1.0
2004,9,2004-09,3.704950251117608,nan,nan,nan,Area (10^6 km^2),Monthly North Pacific High Area,nan,nan,nan,1.0
2004,10,2004-10,2.970509028836839,nan,nan,nan,Area (10^6 km^2),Monthly North Pacific High Area,nan,nan,nan,1.0
2004,11,2004-11,4.647010139186353,nan,nan,nan,Area (10^6 km^2),Monthly North Pacific High Area,nan,nan,nan,1.0
2004,12,2004-12,3.665191804984814,nan,nan,nan,Area (10^6 km^2),Monthly North Pacific High Area,nan,nan,nan,1.0
2005,1,2005-01,0.15395384991666047,nan,nan,nan,Area (10^6 km^2),Monthly North Pacific High Area,nan,nan,nan,1.0
2005,2,2005-02,0.1608908131409747,nan,nan,nan,Area (10^6 km^2),Monthly North Pacific High Area,nan,nan,nan,1.0
2005,3,2005-03,1.6084016065320788,nan,nan,nan,Area (10^6 km^2),Monthly North Pacific High Area,nan,nan,nan,1.0
2005,4,2005-04,6.2623643322018765,nan,nan,nan,Area (10^6 km^2),Monthly North Pacific High Area,nan,nan,nan,1.0
2005,5,2005-05,2.015055290879943,nan,nan,nan,Area (10^6 km^2),Monthly North Pacific High Area,nan,nan,nan,1.0
2005,6,2005-06,5.650589680729966,nan,nan,nan,Area (10^6 km^2),Monthly North Pacific High Area,nan,nan,nan,1.0
2005,7,2005-07,5.262185950056679,nan,nan,nan,Area (10^6 km^2),Monthly North Pacific High Area,nan,nan,nan,1.0
2005,8,2005-08,3.975054969818865,nan,nan,nan,Area (10^6 km^2),Monthly North Pacific High Area,nan,nan,nan,1.0
2005,9,2005-09,5.0728097988575405,nan,nan,nan,Area (10^6 km^2),Monthly North Pacific High Area,nan,nan,nan,1.0
2005,10,2005-10,4.396933735964417,nan,nan,nan,Area (10^6 km^2),Monthly North Pacific High Area,nan,nan,nan,1.0
2005,11,2005-11,4.306479159255182,nan,nan,nan,Area (10^6 km^2),Monthly North Pacific High Area,nan,nan,nan,1.0
2005,12,2005-12,0.7561987136990878,nan,nan,nan,Area (10^6 km^2),Monthly North Pacific High Area,nan,nan,nan,1.0
2006,1,2006-01,4.914094382209614,nan,nan,nan,Area (10^6 km^2),Monthly North Pacific High Area,nan,nan,nan,1.0
2006,2,2006-02,5.328179004771914,nan,nan,nan,Area (10^6 km^2),Monthly North Pacific High Area,nan,nan,nan,1.0
2006,3,2006-03,5.195983171701931,nan,nan,nan,Area (10^6 km^2),Monthly North Pacific High Area,nan,nan,nan,1.0
2006,4,2006-04,5.658628162302622,nan,nan,nan,Area (10^6 km^2),Monthly North Pacific High Area,nan,nan,nan,1.0
2006,5,2006-05,5.655004091343178,nan,nan,nan,Area (10^6 km^2),Monthly North Pacific High Area,nan,nan,nan,1.0
2006,6,2006-06,5.300484534756627,nan,nan,nan,Area (10^6 km^2),Monthly North Pacific High Area,nan,nan,nan,1.0
2006,7,2006-07,5.083014177004469,nan,nan,nan,Area (10^6 km^2),Monthly North Pacific High Area,nan,nan,nan,1.0
2006,8,2006-08,4.7829493867604045,nan,nan,nan,Area (10^6 km^2),Monthly North Pacific High Area,nan,nan,nan,1.0
2006,9,2006-09,3.933255394625384,nan,nan,nan,Area (10^6 km^2),Monthly North Pacific High Area,nan,nan,nan,1.0
2006,10,2006-10,2.79979218425406,nan,nan,nan,Area (10^6 km^2),Monthly North Pacific High Area,nan,nan,nan,1.0
2006,11,2006-11,2.635237133538079,nan,nan,nan,Area (10^6 km^2),Monthly North Pacific High Area,nan,nan,nan,1.0
2006,12,2006-12,4.856887314202977,nan,nan,nan,Area (10^6 km^2),Monthly North Pacific High Area,nan,nan,nan,1.0
2007,1,2007-01,5.3584364565056415,nan,nan,nan,Area (10^6 km^2),Monthly North Pacific High Area,nan,nan,nan,1.0
2007,2,2007-02,4.728787936779301,nan,nan,nan,Area (10^6 km^2),Monthly North Pacific High Area,nan,nan,nan,1.0
2007,3,2007-03,4.184288568145921,nan,nan,nan,Area (10^6 km^2),Monthly North Pacific High Area,nan,nan,nan,1.0
2007,4,2007-04,5.803186116801624,nan,nan,nan,Area (10^6 km^2),Monthly North Pacific High Area,nan,nan,nan,1.0
2007,5,2007-05,6.160020823137743,nan,nan,nan,Area (10^6 km^2),Monthly North Pacific High Area,nan,nan,nan,1.0
2007,6,2007-06,5.7322281597550635,nan,nan,nan,Area (10^6 km^2),Monthly North Pacific High Area,nan,nan,nan,1.0
2007,7,2007-07,4.041157787449944,nan,nan,nan,Area (10^6 km^2),Monthly North Pacific High Area,nan,nan,nan,1.0
2007,8,2007-08,4.293935961077224,nan,nan,nan,Area (10^6 km^2),Monthly North Pacific High Area,nan,nan,nan,1.0
2007,9,2007-09,4.475541828721465,nan,nan,nan,Area (10^6 km^2),Monthly North Pacific High Area,nan,nan,nan,1.0
2007,10,2007-10,4.819390524550768,nan,nan,nan,Area (10^6 km^2),Monthly North Pacific High Area,nan,nan,nan,1.0
2007,11,2007-11,3.375614050082425,nan,nan,nan,Area (10^6 km^2),Monthly North Pacific High Area,nan,nan,nan,1.0
2007,12,2007-12,5.776916324985296,nan,nan,nan,Area (10^6 km^2),Monthly North Pacific High Area,nan,nan,nan,1.0
2008,1,2008-01,5.249678714131742,nan,nan,nan,Area (10^6 km^2),Monthly North Pacific High Area,nan,nan,nan,1.0
2008,2,2008-02,5.20958687915352,nan,nan,nan,Area (10^6 km^2),Monthly North Pacific High Area,nan,nan,nan,1.0
2008,3,2008-03,7.026295099509208,nan,nan,nan,Area (10^6 km^2),Monthly North Pacific High Area,nan,nan,nan,1.0
2008,4,2008-04,6.683560156252536,nan,nan,nan,Area (10^6 km^2),Monthly North Pacific High Area,nan,nan,nan,1.0
2008,5,2008-05,5.730885508427992,nan,nan,nan,Area (10^6 km^2),Monthly North Pacific High Area,nan,nan,nan,1.0
2008,6,2008-06,5.77491422879191,nan,nan,nan,Area (10^6 km^2),Monthly North Pacific High Area,nan,nan,nan,1.0
2008,7,2008-07,4.224350227244814,nan,nan,nan,Area (10^6 km^2),Monthly North Pacific High Area,nan,nan,nan,1.0
2008,8,2008-08,3.8409247205818757,nan,nan,nan,Area (10^6 km^2),Monthly North Pacific High Area,nan,nan,nan,1.0
2008,9,2008-09,1.452784613124474,nan,nan,nan,Area (10^6 km^2),Monthly North Pacific High Area,nan,nan,nan,1.0
2008,10,2008-10,5.2550436732483465,nan,nan,nan,Area (10^6 km^2),Monthly North Pacific High Area,nan,nan,nan,1.0
2008,11,2008-11,4.792020618208586,nan,nan,nan,Area (10^6 km^2),Monthly North Pacific High Area,nan,nan,nan,1.0
2008,12,2008-12,5.509890188974831,nan,nan,nan,Area (10^6 km^2),Monthly North Pacific High Area,nan,nan,nan,1.0
2009,1,2009-01,4.949111165239469,nan,nan,nan,Area (10^6 km^2),Monthly North Pacific High Area,nan,nan,nan,1.0
2009,2,2009-02,5.506810474778127,nan,nan,nan,Area (10^6 km^2),Monthly North Pacific High Area,nan,nan,nan,1.0
2009,3,2009-03,6.853404948892671,nan,nan,nan,Area (10^6 km^2),Monthly North Pacific High Area,nan,nan,nan,1.0
2009,4,2009-04,6.774053422712375,nan,nan,nan,Area (10^6 km^2),Monthly North Pacific High Area,nan,nan,nan,1.0
2009,5,2009-05,2.375916684697091,nan,nan,nan,Area (10^6 km^2),Monthly North Pacific High Area,nan,nan,nan,1.0
2009,6,2009-06,3.98967182638206,nan,nan,nan,Area (10^6 km^2),Monthly North Pacific High Area,nan,nan,nan,1.0
2009,7,2009-07,4.9898398911209485,nan,nan,nan,Area (10^6 km^2),Monthly North Pacific High Area,nan,nan,nan,1.0
2009,8,2009-08,4.213875562700731,nan,nan,nan,Area (10^6 km^2),Monthly North Pacific High Area,nan,nan,nan,1.0
2009,9,2009-09,2.22131584051973,nan,nan,nan,Area (10^6 km^2),Monthly North Pacific High Area,nan,nan,nan,1.0
2009,10,2009-10,0.8710046206460418,nan,nan,nan,Area (10^6 km^2),Monthly North Pacific High Area,nan,nan,nan,1.0
2009,11,2009-11,4.1391471278610625,nan,nan,nan,Area (10^6 km^2),Monthly North Pacific High Area,nan,nan,nan,1.0
2009,12,2009-12,0.043504021039754,nan,nan,nan,Area (10^6 km^2),Monthly North Pacific High Area,nan,nan,nan,1.0
2010,1,2010-01,0.04464238378574518,nan,nan,nan,Area (10^6 km^2),Monthly North Pacific High Area,nan,nan,nan,1.0
2010,2,2010-02,0.1548184992442557,nan,nan,nan,Area (10^6 km^2),Monthly North Pacific High Area,nan,nan,nan,1.0
2010,3,2010-03,4.934789611425599,nan,nan,nan,Area (10^6 km^2),Monthly North Pacific High Area,nan,nan,nan,1.0
2010,4,2010-04,5.127403929934757,nan,nan,nan,Area (10^6 km^2),Monthly North Pacific High Area,nan,nan,nan,1.0
2010,5,2010-05,6.721089173993018,nan,nan,nan,Area (10^6 km^2),Monthly North Pacific High Area,nan,nan,nan,1.0
2010,6,2010-06,7.059581835206516,nan,nan,nan,Area (10^6 km^2),Monthly North Pacific High Area,nan,nan,nan,1.0
2010,7,2010-07,5.074289658650308,nan,nan,nan,Area (10^6 km^2),Monthly North Pacific High Area,nan,nan,nan,1.0
2010,8,2010-08,5.201429681214653,nan,nan,nan,Area (10^6 km^2),Monthly North Pacific High Area,nan,nan,nan,1.0
2010,9,2010-09,1.516779609886679,nan,nan,nan,Area (10^6 km^2),Monthly North Pacific High Area,nan,nan,nan,1.0
2010,10,2010-10,3.9406728073501407,nan,nan,nan,Area (10^6 km^2),Monthly North Pacific High Area,nan,nan,nan,1.0
2010,11,2010-11,6.247711016304234,nan,nan,nan,Area (10^6 km^2),Monthly North Pacific High Area,nan,nan,nan,1.0
2010,12,2010-12,0.06933340581233949,nan,nan,nan,Area (10^6 km^2),Monthly North Pacific High Area,nan,nan,nan,1.0
2011,1,2011-01,2.846765587689454,nan,nan,nan,Area (10^6 km^2),Monthly North Pacific High Area,nan,nan,nan,1.0
2011,2,2011-02,5.769399551824182,nan,nan,nan,Area (10^6 km^2),Monthly North Pacific High Area,nan,nan,nan,1.0
2011,3,2011-03,4.810162039140329,nan,nan,nan,Area (10^6 km^2),Monthly North Pacific High Area,nan,nan,nan,1.0
2011,4,2011-04,6.703192684234809,nan,nan,nan,Area (10^6 km^2),Monthly North Pacific High Area,nan,nan,nan,1.0
2011,5,2011-05,6.784941775750146,nan,nan,nan,Area (10^6 km^2),Monthly North Pacific High Area,nan,nan,nan,1.0
2011,6,2011-06,5.808497617295043,nan,nan,nan,Area (10^6 km^2),Monthly North Pacific High Area,nan,nan,nan,1.0
2011,7,2011-07,4.988764851330835,nan,nan,nan,Area (10^6 km^2),Monthly North Pacific High Area,nan,nan,nan,1.0
2011,8,2011-08,5.027884191577477,nan,nan,nan,Area (10^6 km^2),Monthly North Pacific High Area,nan,nan,nan,1.0
2011,9,2011-09,2.174347361035929,nan,nan,nan,Area (10^6 km^2),Monthly North Pacific High Area,nan,nan,nan,1.0
2011,10,2011-10,4.2721239984171415,nan,nan,nan,Area (10^6 km^2),Monthly North Pacific High Area,nan,nan,nan,1.0
2011,11,2011-11,6.093722992206713,nan,nan,nan,Area (10^6 km^2),Monthly North Pacific High Area,nan,nan,nan,1.0
2011,12,2011-12,6.33516437847996,nan,nan,nan,Area (10^6 km^2),Monthly North Pacific High Area,nan,nan,nan,1.0
2012,1,2012-01,3.580917915392471,nan,nan,nan,Area (10^6 km^2),Monthly North Pacific High Area,nan,nan,nan,1.0
2012,2,2012-02,5.230870090334441,nan,nan,nan,Area (10^6 km^2),Monthly North Pacific High Area,nan,nan,nan,1.0
2012,3,2012-03,4.7291511429489566,nan,nan,nan,Area (10^6 km^2),Monthly North Pacific High Area,nan,nan,nan,1.0
2012,4,2012-04,5.354698867630475,nan,nan,nan,Area (10^6 km^2),Monthly North Pacific High Area,nan,nan,nan,1.0
2012,5,2012-05,6.5438130635192335,nan,nan,nan,Area (10^6 km^2),Monthly North Pacific High Area,nan,nan,nan,1.0
2012,6,2012-06,5.756925348219507,nan,nan,nan,Area (10^6 km^2),Monthly North Pacific High Area,nan,nan,nan,1.0
2012,7,2012-07,5.548882605460809,nan,nan,nan,Area (10^6 km^2),Monthly North Pacific High Area,nan,nan,nan,1.0
2012,8,2012-08,4.815060919475262,nan,nan,nan,Area (10^6 km^2),Monthly North Pacific High Area,nan,nan,nan,1.0
2012,9,2012-09,5.15178801637649,nan,nan,nan,Area (10^6 km^2),Monthly North Pacific High Area,nan,nan,nan,1.0
2012,10,2012-10,0.5928897170170492,nan,nan,nan,Area (10^6 km^2),Monthly North Pacific High Area,nan,nan,nan,1.0
2012,11,2012-11,1.677481821002326,nan,nan,nan,Area (10^6 km^2),Monthly North Pacific High Area,nan,nan,nan,1.0
2012,12,2012-12,4.595301563249371,nan,nan,nan,Area (10^6 km^2),Monthly North Pacific High Area,nan,nan,nan,1.0
2013,1,2013-01,4.513039563123364,nan,nan,nan,Area (10^6 km^2),Monthly North Pacific High Area,nan,nan,nan,1.0
2013,2,2013-02,7.093582730876436,nan,nan,nan,Area (10^6 km^2),Monthly North Pacific High Area,nan,nan,nan,1.0
2013,3,2013-03,2.912810316053328,nan,nan,nan,Area (10^6 km^2),Monthly North Pacific High Area,nan,nan,nan,1.0
2013,4,2013-04,4.78293047952615,nan,nan,nan,Area (10^6 km^2),Monthly North Pacific High Area,nan,nan,nan,1.0
2013,5,2013-05,5.237368991048753,nan,nan,nan,Area (10^6 km^2),Monthly North Pacific High Area,nan,nan,nan,1.0
2013,6,2013-06,5.118090005146691,nan,nan,nan,Area (10^6 km^2),Monthly North Pacific High Area,nan,nan,nan,1.0
2013,7,2013-07,4.478245768248765,nan,nan,nan,Area (10^6 km^2),Monthly North Pacific High Area,nan,nan,nan,1.0
2013,8,2013-08,2.54464511082502,nan,nan,nan,Area (10^6 km^2),Monthly North Pacific High Area,nan,nan,nan,1.0
2013,9,2013-09,2.31289073715605,nan,nan,nan,Area (10^6 km^2),Monthly North Pacific High Area,nan,nan,nan,1.0
2013,10,2013-10,2.813578684034264,nan,nan,nan,Area (10^6 km^2),Monthly North Pacific High Area,nan,nan,nan,1.0
2013,11,2013-11,0.49216410989654946,nan,nan,nan,Area (10^6 km^2),Monthly North Pacific High Area,nan,nan,nan,1.0
2013,12,2013-12,4.477802924544166,nan,nan,nan,Area (10^6 km^2),Monthly North Pacific High Area,nan,nan,nan,1.0
2014,1,2014-01,1.657740138387593,nan,nan,nan,Area (10^6 km^2),Monthly North Pacific High Area,nan,nan,nan,1.0
2014,2,2014-02,0.1395149124504198,nan,nan,nan,Area (10^6 km^2),Monthly North Pacific High Area,nan,nan,nan,1.0
2014,3,2014-03,1.520483667303036,nan,nan,nan,Area (10^6 km^2),Monthly North Pacific High Area,nan,nan,nan,1.0
2014,4,2014-04,5.27300499958381,nan,nan,nan,Area (10^6 km^2),Monthly North Pacific High Area,nan,nan,nan,1.0
2014,5,2014-05,4.328002771178004,nan,nan,nan,Area (10^6 km^2),Monthly North Pacific High Area,nan,nan,nan,1.0
2014,6,2014-06,4.922802140308061,nan,nan,nan,Area (10^6 km^2),Monthly North Pacific High Area,nan,nan,nan,1.0
2014,7,2014-07,4.729219009642695,nan,nan,nan,Area (10^6 km^2),Monthly North Pacific High Area,nan,nan,nan,1.0
2014,8,2014-08,3.4912579142452005,nan,nan,nan,Area (10^6 km^2),Monthly North Pacific High Area,nan,nan,nan,1.0
2014,9,2014-09,0.1080821507196275,nan,nan,nan,Area (10^6 km^2),Monthly North Pacific High Area,nan,nan,nan,1.0
2014,10,2014-10,0.07482001824335562,nan,nan,nan,Area (10^6 km^2),Monthly North Pacific High Area,nan,nan,nan,1.0
2014,11,2014-11,0.2986708010752298,nan,nan,nan,Area (10^6 km^2),Monthly North Pacific High Area,nan,nan,nan,1.0
2014,12,2014-12,0.0869024143887882,nan,nan,nan,Area (10^6 km^2),Monthly North Pacific High Area,nan,nan,nan,1.0
2015,1,2015-01,1.1803562302094068,nan,nan,nan,Area (10^6 km^2),Monthly North Pacific High Area,nan,nan,nan,1.0
2015,2,2015-02,0.02128663226768486,nan,nan,nan,Area (10^6 km^2),Monthly North Pacific High Area,nan,nan,nan,1.0
2015,3,2015-03,3.564440038887265,nan,nan,nan,Area (10^6 km^2),Monthly North Pacific High Area,nan,nan,nan,1.0
2015,4,2015-04,6.390118053353172,nan,nan,nan,Area (10^6 km^2),Monthly North Pacific High Area,nan,nan,nan,1.0
2015,5,2015-05,5.084904253008077,nan,nan,nan,Area (10^6 km^2),Monthly North Pacific High Area,nan,nan,nan,1.0
2015,6,2015-06,3.0375151406247287,nan,nan,nan,Area (10^6 km^2),Monthly North Pacific High Area,nan,nan,nan,1.0
2015,7,2015-07,1.4528396846833118,nan,nan,nan,Area (10^6 km^2),Monthly North Pacific High Area,nan,nan,nan,1.0
2015,8,2015-08,1.55980919524472,nan,nan,nan,Area (10^6 km^2),Monthly North Pacific High Area,nan,nan,nan,1.0
2015,9,2015-09,4.106767295472526,nan,nan,nan,Area (10^6 km^2),Monthly North Pacific High Area,nan,nan,nan,1.0
2015,10,2015-10,0.07214374264535046,nan,nan,nan,Area (10^6 km^2),Monthly North Pacific High Area,nan,nan,nan,1.0
2015,11,2015-11,5.559171657928412,nan,nan,nan,Area (10^6 km^2),Monthly North Pacific High Area,nan,nan,nan,1.0
2015,12,2015-12,0.05321658066921296,nan,nan,nan,Area (10^6 km^2),Monthly North Pacific High Area,nan,nan,nan,1.0
2016,1,2016-01,0.0,nan,nan,nan,Area (10^6 km^2),Monthly North Pacific High Area,nan,nan,nan,1.0
2016,2,2016-02,1.382660184664827,nan,nan,nan,Area (10^6 km^2),Monthly North Pacific High Area,nan,nan,nan,1.0
2016,3,2016-03,1.3833050356165149,nan,nan,nan,Area (10^6 km^2),Monthly North Pacific High Area,nan,nan,nan,1.0
2016,4,2016-04,5.006143500172857,nan,nan,nan,Area (10^6 km^2),Monthly North Pacific High Area,nan,nan,nan,1.0
2016,5,2016-05,0.597629699942548,nan,nan,nan,Area (10^6 km^2),Monthly North Pacific High Area,nan,nan,nan,1.0
2016,6,2016-06,4.914966491743718,nan,nan,nan,Area (10^6 km^2),Monthly North Pacific High Area,nan,nan,nan,1.0
2016,7,2016-07,5.015300458664306,nan,nan,nan,Area (10^6 km^2),Monthly North Pacific High Area,nan,nan,nan,1.0
2016,8,2016-08,1.557465933445591,nan,nan,nan,Area (10^6 km^2),Monthly North Pacific High Area,nan,nan,nan,1.0
2016,9,2016-09,0.0,nan,nan,nan,Area (10^6 km^2),Monthly North Pacific High Area,nan,nan,nan,1.0
2016,10,2016-10,1.046748490849156,nan,nan,nan,Area (10^6 km^2),Monthly North Pacific High Area,nan,nan,nan,1.0
2016,11,2016-11,3.4738870380173,nan,nan,nan,Area (10^6 km^2),Monthly North Pacific High Area,nan,nan,nan,1.0
2016,12,2016-12,5.090183471174058,nan,nan,nan,Area (10^6 km^2),Monthly North Pacific High Area,nan,nan,nan,1.0
2017,1,2017-01,0.5926856193470529,nan,nan,nan,Area (10^6 km^2),Monthly North Pacific High Area,nan,nan,nan,1.0
2017,2,2017-02,0.0,nan,nan,nan,Area (10^6 km^2),Monthly North Pacific High Area,nan,nan,nan,1.0
2017,3,2017-03,3.197726265175286,nan,nan,nan,Area (10^6 km^2),Monthly North Pacific High Area,nan,nan,nan,1.0
2017,4,2017-04,2.6129459503928536,nan,nan,nan,Area (10^6 km^2),Monthly North Pacific High Area,nan,nan,nan,1.0
2017,5,2017-05,5.884491841129703,nan,nan,nan,Area (10^6 km^2),Monthly North Pacific High Area,nan,nan,nan,1.0
2017,6,2017-06,4.158593415379945,nan,nan,nan,Area (10^6 km^2),Monthly North Pacific High Area,nan,nan,nan,1.0
2017,7,2017-07,5.34341315667002,nan,nan,nan,Area (10^6 km^2),Monthly North Pacific High Area,nan,nan,nan,1.0
2017,8,2017-08,4.013271899611084,nan,nan,nan,Area (10^6 km^2),Monthly North Pacific High Area,nan,nan,nan,1.0
2017,9,2017-09,1.629445925759582,nan,nan,nan,Area (10^6 km^2),Monthly North Pacific High Area,nan,nan,nan,1.0
2017,10,2017-10,3.8227006983653955,nan,nan,nan,Area (10^6 km^2),Monthly North Pacific High Area,nan,nan,nan,1.0
2017,11,2017-11,1.001391819664777,nan,nan,nan,Area (10^6 km^2),Monthly North Pacific High Area,nan,nan,nan,1.0
2017,12,2017-12,1.598085963235473,nan,nan,nan,Area (10^6 km^2),Monthly North Pacific High Area,nan,nan,nan,1.0
2018,1,2018-01,2.066718447296713,nan,nan,nan,Area (10^6 km^2),Monthly North Pacific High Area,nan,nan,nan,1.0
2018,2,2018-02,5.29773155266823,nan,nan,nan,Area (10^6 km^2),Monthly North Pacific High Area,nan,nan,nan,1.0
2018,3,2018-03,1.728309196606025,nan,nan,nan,Area (10^6 km^2),Monthly North Pacific High Area,nan,nan,nan,1.0
2018,4,2018-04,3.9212179756245806,nan,nan,nan,Area (10^6 km^2),Monthly North Pacific High Area,nan,nan,nan,1.0
2018,5,2018-05,5.587382108072848,nan,nan,nan,Area (10^6 km^2),Monthly North Pacific High Area,nan,nan,nan,1.0
2018,6,2018-06,5.223221746900073,nan,nan,nan,Area (10^6 km^2),Monthly North Pacific High Area,nan,nan,nan,1.0
2018,7,2018-07,5.23274561862549,nan,nan,nan,Area (10^6 km^2),Monthly North Pacific High Area,nan,nan,nan,1.0
2018,8,2018-08,4.431838965897987,nan,nan,nan,Area (10^6 km^2),Monthly North Pacific High Area,nan,nan,nan,1.0
2018,9,2018-09,2.7946396252669388,nan,nan,nan,Area (10^6 km^2),Monthly North Pacific High Area,nan,nan,nan,1.0
2018,10,2018-10,0.9715145171828088,nan,nan,nan,Area (10^6 km^2),Monthly North Pacific High Area,nan,nan,nan,1.0
2018,11,2018-11,2.264051706838338,nan,nan,nan,Area (10^6 km^2),Monthly North Pacific High Area,nan,nan,nan,1.0
2018,12,2018-12,3.926577183983934,nan,nan,nan,Area (10^6 km^2),Monthly North Pacific High Area,nan,nan,nan,1.0
2019,1,2019-01,0.3058383081679071,nan,nan,nan,Area (10^6 km^2),Monthly North Pacific High Area,nan,nan,nan,1.0
2019,2,2019-02,2.6857903239686776,nan,nan,nan,Area (10^6 km^2),Monthly North Pacific High Area,nan,nan,nan,1.0
2019,3,2019-03,1.703695440387411,nan,nan,nan,Area (10^6 km^2),Monthly North Pacific High Area,nan,nan,nan,1.0
2019,4,2019-04,5.656623003176912,nan,nan,nan,Area (10^6 km^2),Monthly North Pacific High Area,nan,nan,nan,1.0
2019,5,2019-05,3.258728494996627,nan,nan,nan,Area (10^6 km^2),Monthly North Pacific High Area,nan,nan,nan,1.0
2019,6,2019-06,4.709911588745806,nan,nan,nan,Area (10^6 km^2),Monthly North Pacific High Area,nan,nan,nan,1.0
2019,7,2019-07,5.3846107834061625,nan,nan,nan,Area (10^6 km^2),Monthly North Pacific High Area,nan,nan,nan,1.0
2019,8,2019-08,1.2723873025474568,nan,nan,nan,Area (10^6 km^2),Monthly North Pacific High Area,nan,nan,nan,1.0
2019,9,2019-09,3.7708727168298197,nan,nan,nan,Area (10^6 km^2),Monthly North Pacific High Area,nan,nan,nan,1.0
2019,10,2019-10,3.07180451710388,nan,nan,nan,Area (10^6 km^2),Monthly North Pacific High Area,nan,nan,nan,1.0
2019,11,2019-11,1.638273702608847,nan,nan,nan,Area (10^6 km^2),Monthly North Pacific High Area,nan,nan,nan,1.0
2019,12,2019-12,2.5805432800162977,nan,nan,nan,Area (10^6 km^2),Monthly North Pacific High Area,nan,nan,nan,1.0
2020,1,2020-01,5.214363536044026,nan,nan,nan,Area (10^6 km^2),Monthly North Pacific High Area,nan,nan,nan,1.0
2020,2,2020-02,6.389755587459246,nan,nan,nan,Area (10^6 km^2),Monthly North Pacific High Area,nan,nan,nan,1.0
2020,3,2020-03,6.871704075835255,nan,nan,nan,Area (10^6 km^2),Monthly North Pacific High Area,nan,nan,nan,1.0
2020,4,2020-04,4.710316151956606,nan,nan,nan,Area (10^6 km^2),Monthly North Pacific High Area,nan,nan,nan,1.0
2020,5,2020-05,3.950318453944997,nan,nan,nan,Area (10^6 km^2),Monthly North Pacific High Area,nan,nan,nan,1.0
2020,6,2020-06,5.771728919503796,nan,nan,nan,Area (10^6 km^2),Monthly North Pacific High Area,nan,nan,nan,1.0
2020,7,2020-07,4.971569540874751,nan,nan,nan,Area (10^6 km^2),Monthly North Pacific High Area,nan,nan,nan,1.0
2020,8,2020-08,4.161644029619274,nan,nan,nan,Area (10^6 km^2),Monthly North Pacific High Area,nan,nan,nan,1.0
2020,9,2020-09,0.314308260907255,nan,nan,nan,Area (10^6 km^2),Monthly North Pacific High Area,nan,nan,nan,1.0
2020,10,2020-10,2.46274786813666,nan,nan,nan,Area (10^6 km^2),Monthly North Pacific High Area,nan,nan,nan,1.0
2020,11,2020-11,5.812599669391146,nan,nan,nan,Area (10^6 km^2),Monthly North Pacific High Area,nan,nan,nan,1.0
2020,12,2020-12,4.222707724668315,nan,nan,nan,Area (10^6 km^2),Monthly North Pacific High Area,nan,nan,nan,1.0
2021,1,2021-01,4.33282807753898,nan,nan,nan,Area (10^6 km^2),Monthly North Pacific High Area,nan,nan,nan,1.0
2021,2,2021-02,5.842322105186408,nan,nan,nan,Area (10^6 km^2),Monthly North Pacific High Area,nan,nan,nan,1.0
2021,3,2021-03,7.229693920234019,nan,nan,nan,Area (10^6 km^2),Monthly North Pacific High Area,nan,nan,nan,1.0
2021,4,2021-04,5.070624950572835,nan,nan,nan,Area (10^6 km^2),Monthly North Pacific High Area,nan,nan,nan,1.0
2021,5,2021-05,6.432502306620665,nan,nan,nan,Area (10^6 km^2),Monthly North Pacific High Area,nan,nan,nan,1.0
2021,6,2021-06,4.922949929038038,nan,nan,nan,Area (10^6 km^2),Monthly North Pacific High Area,nan,nan,nan,1.0
2021,7,2021-07,5.388305646335429,nan,nan,nan,Area (10^6 km^2),Monthly North Pacific High Area,nan,nan,nan,1.0
2021,8,2021-08,4.498359518633849,nan,nan,nan,Area (10^6 km^2),Monthly North Pacific High Area,nan,nan,nan,1.0
2021,9,2021-09,4.306178187337639,nan,nan,nan,Area (10^6 km^2),Monthly North Pacific High Area,nan,nan,nan,1.0
2021,10,2021-10,3.606787598025889,nan,nan,nan,Area (10^6 km^2),Monthly North Pacific High Area,nan,nan,nan,1.0
2021,11,2021-11,2.462705004136316,nan,nan,nan,Area (10^6 km^2),Monthly North Pacific High Area,nan,nan,nan,1.0
2021,12,2021-12,4.125856499493205,nan,nan,nan,Area (10^6 km^2),Monthly North Pacific High Area,nan,nan,nan,1.0
2022,1,2022-01,2.423105161273218,nan,nan,nan,Area (10^6 km^2),Monthly North Pacific High Area,nan,nan,nan,1.0
2022,2,2022-02,5.110058959625051,nan,nan,nan,Area (10^6 km^2),Monthly North Pacific High Area,nan,nan,nan,1.0
2022,3,2022-03,0.0,nan,nan,nan,Area (10^6 km^2),Monthly North Pacific High Area,nan,nan,nan,1.0
2022,4,2022-04,6.233865013456849,nan,nan,nan,Area (10^6 km^2),Monthly North Pacific High Area,nan,nan,nan,1.0
2022,5,2022-05,5.678250639091756,nan,nan,nan,Area (10^6 km^2),Monthly North Pacific High Area,nan,nan,nan,1.0
2022,6,2022-06,4.09632587633848,nan,nan,nan,Area (10^6 km^2),Monthly North Pacific High Area,nan,nan,nan,1.0
2022,7,2022-07,5.448067856602556,nan,nan,nan,Area (10^6 km^2),Monthly North Pacific High Area,nan,nan,nan,1.0
2022,8,2022-08,3.750910864560549,nan,nan,nan,Area (10^6 km^2),Monthly North Pacific High Area,nan,nan,nan,1.0
2022,9,2022-09,0.255870690980136,nan,nan,nan,Area (10^6 km^2),Monthly North Pacific High Area,nan,nan,nan,1.0
2022,10,2022-10,1.354263336672007,nan,nan,nan,Area (10^6 km^2),Monthly North Pacific High Area,nan,nan,nan,1.0
2022,11,2022-11,5.514052310089146,nan,nan,nan,Area (10^6 km^2),Monthly North Pacific High Area,nan,nan,nan,1.0
2022,12,2022-12,0.424423221325435,nan,nan,nan,Area (10^6 km^2),Monthly North Pacific High Area,nan,nan,nan,1.0
2023,1,2023-01,0.9513498692458778,nan,nan,nan,Area (10^6 km^2),Monthly North Pacific High Area,nan,nan,nan,1.0
2023,2,2023-02,7.022745405113738,nan,nan,nan,Area (10^6 km^2),Monthly North Pacific High Area,nan,nan,nan,1.0
2023,3,2023-03,2.8127825158396043,nan,nan,nan,Area (10^6 km^2),Monthly North Pacific High Area,nan,nan,nan,1.0
2023,4,2023-04,5.7633116195664105,nan,nan,nan,Area (10^6 km^2),Monthly North Pacific High Area,nan,nan,nan,1.0
2023,5,2023-05,4.936718628742854,nan,nan,nan,Area (10^6 km^2),Monthly North Pacific High Area,nan,nan,nan,1.0
2023,6,2023-06,5.614160770631622,nan,nan,nan,Area (10^6 km^2),Monthly North Pacific High Area,nan,nan,nan,1.0
2023,7,2023-07,5.382974932009972,nan,nan,nan,Area (10^6 km^2),Monthly North Pacific High Area,nan,nan,nan,1.0
2023,8,2023-08,4.66735475720836,nan,nan,nan,Area (10^6 km^2),Monthly North Pacific High Area,nan,nan,nan,1.0
2023,9,2023-09,3.7011328547254476,nan,nan,nan,Area (10^6 km^2),Monthly North Pacific High Area,nan,nan,nan,1.0
2023,10,2023-10,0.09641366598104979,nan,nan,nan,Area (10^6 km^2),Monthly North Pacific High Area,nan,nan,nan,1.0
2023,11,2023-11,2.163235062838089,nan,nan,nan,Area (10^6 km^2),Monthly North Pacific High Area,nan,nan,nan,1.0
2023,12,2023-12,0.03245141274792756,nan,nan,nan,Area (10^6 km^2),Monthly North Pacific High Area,nan,nan,nan,1.0
2024,1,2024-01,0.8654358857879825,nan,nan,nan,Area (10^6 km^2),Monthly North Pacific High Area,nan,nan,nan,1.0
2024,2,2024-02,2.4103999432083367,nan,nan,nan,Area (10^6 km^2),Monthly North Pacific High Area,nan,nan,nan,1.0
2024,3,2024-03,5.143314111512511,nan,nan,nan,Area (10^6 km^2),Monthly North Pacific High Area,nan,nan,nan,1.0
2024,4,2024-04,6.864892477222895,nan,nan,nan,Area (10^6 km^2),Monthly North Pacific High Area,nan,nan,nan,1.0
2024,5,2024-05,6.153610330301351,nan,nan,nan,Area (10^6 km^2),Monthly North Pacific High Area,nan,nan,nan,1.0
2024,6,2024-06,4.798158607573473,nan,nan,nan,Area (10^6 km^2),Monthly North Pacific High Area,nan,nan,nan,1.0
2024,7,2024-07,5.015729809441491,nan,nan,nan,Area (10^6 km^2),Monthly North Pacific High Area,nan,nan,nan,1.0
2024,8,2024-08,4.872877448517355,nan,nan,nan,Area (10^6 km^2),Monthly North Pacific High Area,nan,nan,nan,1.0
2024,9,2024-09,1.6302030669488758,nan,nan,nan,Area (10^6 km^2),Monthly North Pacific High Area,nan,nan,nan,1.0
2024,10,2024-10,3.215776552320155,nan,nan,nan,Area (10^6 km^2),Monthly North Pacific High Area,nan,nan,nan,1.0
2024,11,2024-11,3.2981672660775176,nan,nan,nan,Area (10^6 km^2),Monthly North Pacific High Area,nan,nan,nan,1.0
2024,12,2024-12,1.913425285834857,nan,nan,nan,Area (10^6 km^2),Monthly North Pacific High Area,nan,nan,nan,1.0
2025,1,2025-01,3.7530057552076106,nan,nan,nan,Area (10^6 km^2),Monthly North Pacific High Area,nan,nan,nan,1.0
2025,2,2025-02,1.8382427903449539,nan,nan,nan,Area (10^6 km^2),Monthly North Pacific High Area,nan,nan,nan,1.0
2025,3,2025-03,5.689851879665529,nan,nan,nan,Area (10^6 km^2),Monthly North Pacific High Area,nan,nan,nan,1.0
2025,4,2025-04,6.440119727071222,nan,nan,nan,Area (10^6 km^2),Monthly North Pacific High Area,nan,nan,nan,1.0
2025,5,2025-05,6.479200895460945,nan,nan,nan,Area (10^6 km^2),Monthly North Pacific High Area,nan,nan,nan,1.0
2025,6,2025-06,5.740274053412552,nan,nan,nan,Area (10^6 km^2),Monthly North Pacific High Area,nan,nan,nan,1.0
2025,7,2025-07,5.719371408199277,nan,nan,nan,Area (10^6 km^2),Monthly North Pacific High Area,nan,nan,nan,1.0
2025,8,2025-08,5.296191338486725,nan,nan,nan,Area (10^6 km^2),Monthly North Pacific High Area,nan,nan,nan,1.0
2025,9,2025-09,2.022621308400963,nan,nan,nan,Area (10^6 km^2),Monthly North Pacific High Area,nan,nan,nan,1.0
2025,10,2025-10,3.762128950975419,nan,nan,nan,Area (10^6 km^2),Monthly North Pacific High Area,nan,nan,nan,1.0
2025,11,2025-11,1.901615588254288,nan,nan,nan,Area (10^6 km^2),Monthly North Pacific High Area,nan,nan,nan,1.0
